drinker,bar
"Ernesto Chapman","Chili's"
"Alayna Moses","Off Broadway"
"Sean Anthony","Pei Wei Asian Diner"
"Jakobe Ochoa","Famous Dave's"
"Azaria White","Twin Peeks"
"Ellie Ortega","J D Bar Corp"
"Adolfo Wiggins","On the Border Mexican Grill & Cantina"
"Ellie Ortega","The Cheesecake Factory"
"Evelin Bush","Carrabba's Italian Grill"
"Brenda Mcdowell","Kainoa's Sports Bar & Restrnt"
"Sean Anthony","Rainforest Cafe"
"Lucy Rush","Vault Night Club"
"Jaliyah Soto","Rainforest Cafe"
"Bruno Lloyd","Kesler Sports Bar & Grill"
"Keyon Powers","Firefly Club"
"Richard Werner","Jonathan's Restaurant"
"Kamari Vargas","Linda's"
"Kyla Baird","Iron Post"
"Ashlyn Hamilton","The Cheesecake Factory"
"Ellie Ortega","California Pizza Kitchen"
"Amya Dalton","Chili's"
"Magdalena Rose","Shanahan's Lafayette"
"Anderson Graham","Maria C. Estabil"
"Teagan Hutchinson","Ruby Tuesday"
"Lillian Sloan","Opus Mainstreet"
"Callum Dickson","Carrabba's Italian Grill"
"Shannon Huerta","Jack's Place"
"Hayden Barrera","Hurricane Alley"
"Sergio Powell","Steak 'n Shake"
"Matthias Haley","Red Robin"
"Olive Maldonado","Dejavu Nightclub"
"Zaid Mckinney","Bubba Gump Shrimp Company"
"Bruno Lloyd","Mulligan's Pub"
"Blaine Trevino","Mulligan's Pub"
"Kaylin Evans","Crystal Corner Bar"
"Talia Jacobs","Famous Dave's"
"Jadiel Jacobson","Henrietta Hudson"
"Rhianna Schaefer","Hooters"
"Kael Dennis","Spot On The Alley"
"Kinley Santiago","Bennigan's"
"Kristin Horn","On the Border Mexican Grill & Cantina"
"Eileen Mcdonald","Double Down Saloon"
"Regan Taylor","The Cheesecake Factory"
"Gustavo Whitehead","Lone Star Steakhouse & Saloon"
"Heidi Glass","Apple Inn"
"Mathias Clark","Monopole Restaurant"
"Shamar Johnston","Gold Hawk"
"Skyler Wall","Planet Hollywood"
"Freddy Hopkins","Planet Hollywood"
"Christian Willis","Pei Wei Asian Diner"
"Dustin Ryan","Kainoa's Sports Bar & Restrnt"
"Nathaly Fuller","Henrietta Hudson"
"Eric Dodson","World Beer Direct"
"Amiya Vaughn","Downtown Lounge"
"Khalil Boyle","Downtown Lounge"
"James Hooper","Boston Market"
"Melanie Bradford","Jonathan's Restaurant"
"Tess Cherry","Firefly Club"
"Hailey Short","Crystal Corner Bar"
"Kaleigh Hanna","Kesler Sports Bar & Grill"
"Piper Riddle","Hotshots Sports Bar & Grill"
"Dominick Friedman","Ruby Tuesday"
"Leon Mcfarland","Black-eyed Pea"
"Yael Hoffman","Jovan's Lounge Ltd"
"Cadence Hart","Dixie Taverne"
"Mercedes Acevedo","Lone Star Steakhouse & Saloon"
"Brittany Hurley","Scooters"
"Alberto Mata","Planet Hollywood"
"Morgan Macias","Xtc Cabaret"
"Trevon Howe","Tryst Lounge"
"Josephine Holmes","Schileens Pub"
"Karly Gibson","Daddy's"
"Mekhi Molina","Hickory Tavern"
"Crystal Davis","Improper Bostonian"
"Sydney Joseph","Worldwide Wine Services"
"Drake Buckley","Moms Toy Box"
"Adison Oconnell","Karma Lounge Ltd"
"Lena Daniel","Gold Hawk"
"Sammy Buck","Joe's Crab Shack"
"Renee Francis","Golden Corral"
"Kyla Baird","Golden Corral"
"Jaden Hardin","Big Shots Sports Bar & Grill"
"Gary Jordan","Lanigan's Irish Pub & Eatery"
"Gage Serrano","Smitty's Sports Pub"
"Peter Gilmore","Charles A. Meyer"
"Morgan Macias","Benihana"
"Cherish Braun","Tryst Lounge"
"Veronica Harrison","Señor Frog's"
"Brandon Prince","T.G.I. Friday's"
"Arnav Simmons","Cork Town Tavern"
"Yazmin Joyce","Benihana"
"Eric Dodson","Wibs"
"Aileen Hodges","Boston Market"
"Parker Myers","Jake's Grill"
"Lucille Swanson","Basement"
"Aryanna Fitzpatrick","Round-Up Saloon"
"Sanaa Velez","Toc Bar"
"Marques Lane","Carrabba's Italian Grill"
"Ciara Yoder","Rocket"
"Amir Mclean","Boynton Restaurant & Spirits"
"Beckett Donaldson","Basement"
"Kenyon Conway","Sinners Gentlemen's Club"
"Jessie David","Smokey Bones"
"Lilianna Preston","Scooters"
"Livia Wilkerson","Firefly Club"
"Blake Holland","Basement"
"Dayanara Mills","Cork Town Tavern"
"Uriah Harrell","Comedy Cellar"
"Hayden Hardy","Round-Up Saloon"
"Asa Rice","Station"
"Carina Pham","On the Border Mexican Grill & Cantina"
"Caylee Patel","J R's Bar & Grill Inc"
"Shaylee Kirk","Atkins Park Tavern"
"Ayana Day","Cracker Barrel Old Country Store"
"Kathleen Malone","Club Paragon"
"Ian Daniels","Waffle House"
"Philip Oneal","P. F. Chang's China Bistro"
"Frida Henderson","Toc Bar"
"Alijah Meza","Bluepoint Sage Cafe"
"Keon West","Champions Sports Bar"
"Theodore Cross","Jovan's Lounge Ltd"
"Kiera Pineda","Twin Peeks"
"Allisson Rodgers","Arlene's"
"Charlotte Garrett","Pivots Beach Club"
"Jessie David","Jake's Old City Grill"
"Shamar Johnston","Caledonia Lounge"
"Jaidyn Lindsey","Kesler Sports Bar & Grill"
"Gustavo Whitehead","Bottling CO"
"Jaylin Baxter","Tony Roma's"
"Cyrus Benitez","Lone Star Steakhouse & Saloon"
"Melanie Bradford","Apple Inn"
"Raina Singleton","Denny's"
"Jonathon Eaton","Crystal Corner Bar"
"Monique Branch","Applebee's"
"Annalise Hammond","Mulligan's Pub"
"Lailah Moss","Bob Evans Restaurants"
"Abdiel Valencia","Grey Lounge"
"Austin Cantrell","Saturn"
"Natalya Greene","Kainoa's Sports Bar & Restrnt"
"Kevin Robles","Sugarbush Tavern"
"Kylee Oliver","Twin Peeks"
"Victor Rhodes","Golden Corral"
"Sydney Joseph","Chipotle Mexican Grill"
"Ramon Schmitt","Red Lobster"
"Graham Williams","Club 101"
"India Lewis","Eight Seconds"
"Reese Griffin","Bob Evans Restaurants"
"Preston Benson","Bob Evans Restaurants"
"Andrea Ho","Cracker Barrel Old Country Store"
"Katrina Ritter","Scooters"
"Houston Ayala","Twin Peeks"
"Whitney Clarke","Pei Wei Asian Diner"
"Dale Quinn","Dave & Buster's"
"Bruce Deleon","Ruby Tuesday"
"Brittany Hurley","Boynton Restaurant & Spirits"
"Brandon Prince","Houlihan's"
"Alexander Guzman","Cheese Burger in Paradise"
"Bridger Mcmillan","The Original Pancake House"
"Emilee Knox","Milo's Sports Tavern"
"Zander Juarez","The Cheesecake Factory"
"Dakota Fitzgerald","Black-eyed Pea"
"Jeremiah Barker","New York Dolls"
"Ralph Mathews","Daddy-O's"
"Lesly Austin","Opus Mainstreet"
"Austin Cantrell","Café Rouge"
"Gunnar Zavala","Kesler Sports Bar & Grill"
"Hugo Sellers","Uno Chicago Grill"
"Kaelyn Wells","Bluepoint Sage Cafe"
"Jaylyn Schwartz","Dave & Buster's"
"Cedric Horton","The Cheesecake Factory"
"Aydin Vance","Buffalo Wild Wings"
"Paityn Jenkins","Perkins Restaurant and Bakery"
"Matthias Haley","Bubba Gump Shrimp Company"
"Amya Dalton","New Orleans Original Daiquiris"
"Zaid Mckinney","Red Robin"
"Mariela Hartman","Sizzler"
"Olive Maldonado","Town & Country"
"Heidi Glass","N V Penthouse Lounge"
"Jonathan Marshall","Steak 'n Shake"
"Jerry Fisher","Mulligan's Pub"
"Raphael Christian","Famous Dave's"
"Kaylie Hansen","LongHorn Steakhouse"
"Gabriella Carlson","Boston Pizza"
"Elsie Stein","Swamp Sports Bar & Restaurant"
"Hanna Harper","Round-Up Saloon"
"Iliana Strickland","Saturn"
"Immanuel Mayer","Scores"
"Aimee Hicks","Arena"
"Bailey Hanson","Red Lobster"
"Roman Mcneil","Kroc's"
"America Kane","County Line Pub"
"Frederick Proctor","Kainoa's Sports Bar & Restrnt"
"Gunnar Zavala","Mulligan's Pub"
"Brisa Escobar","Mulligan's Pub"
"Mollie Sanders","Rainforest Cafe"
"Noelle Hendricks","Smokey Bones"
"Marley Bowen","Famous Dave's"
"Deja Carroll","Bottling CO"
"Emilia Mcpherson","Bennigan's"
"Karma Pollard","The Old Spaghetti Factory"
"Davian Benton","Uno Chicago Grill"
"Melissa Davenport","Club Paragon"
"Phoenix Downs","Wibs"
"Julien Berg","J R's Last Laugh Comedy Club"
"Tara Ballard","Dave & Buster's"
"Daniela Collier","Houlihan's"
"Leia Key","Bubba Gump Shrimp Company"
"Yosef Cowan","Charlie Brown's Steakhouse"
"Yurem Bass","Cork Town Tavern"
"Maximo Ruiz","Chipotle Mexican Grill"
"Gary Jordan","Daddy-O's"
"Roman Mcneil","Tweed's Pub Restaurant"
"Violet Robertson","Carrabba's Italian Grill"
"Izaiah Macdonald","County Line Pub"
"Ryder Phelps","Pivots Beach Club"
"Deja Carroll","Cork Town Tavern"
"Colten Everett","Jack's Place"
"Camryn Trujillo","Perkins Restaurant and Bakery"
"Thaddeus Ortiz","Dillinger's Inc"
"Raul Valentine","Jonathan's Restaurant"
"Violet Robertson","Dejavu Nightclub"
"Zaire King","Park Tavern Lounge & Lanes"
"Sincere Villanueva","Crazy Donkey Bar Grill"
"Julien Berg","Met Lounge"
"Bryan Scott","Border Lounge"
"Micaela Crane","Tweed's Pub Restaurant"
"Trystan Weber","Atomic Cantina"
"Laila Steele","New York Dolls"
"Carlee Salinas","Fire Bar & Grill"
"Viviana Parrish","Waffle House"
"Sheldon Atkins","Pub 13"
"Shayla Rubio","Sugarbush Tavern"
"Patrick Wong","Opus Mainstreet"
"Adrienne Martinez","World Beer Direct"
"Colten Everett","Chili's"
"Axel Bell","Sizzler"
"Kyra Shannon","Hotshots Sports Bar & Grill"
"Regan Taylor","Tryst Lounge"
"Luis Hunt","Dave & Buster's"
"Denisse Horne","Carrabba's Italian Grill"
"Adriel Harris","Ad Card Promotions"
"Danny Dougherty","Bennigan's"
"Alayna Moses","LongHorn Steakhouse"
"Jarrett Burch","Benihana"
"Denisse Horne","Twin Peeks"
"Beatrice Flowers","Hooters"
"Soren Fritz","Boynton Restaurant & Spirits"
"Darion Stevens","Ad Card Promotions"
"Mariah Odom","Carrabba's Italian Grill"
"Prince Jones","Dejavu Nightclub"
"Paige Wyatt","Jovan's Lounge Ltd"
"Kael Dennis","Hotshots Sports Bar & Grill"
"Elsa Long","Bubba Gump Shrimp Company"
"Cornelius Maddox","Crystal Corner Bar"
"Joshua Mendez","Rainforest Cafe"
"Aracely Ford","Apple Inn"
"Alyson Madden","N V Penthouse Lounge"
"Ishaan Mccoy","Jungle Restaurant-Fat Cat's"
"Avery Cobb","Carrabba's Italian Grill"
"Broderick Durham","Famous Dave's"
"Kristin Horn","Basement"
"Marisol Duncan","Caledonia Lounge"
"Erin Reynolds","Daddy's"
"Milton Burton","Big Boy"
"Guadalupe Chung","Shanahan's Lafayette"
"Cesar Keller","Sugarbush Tavern"
"Tania Vincent","Quaker Steak & Lube"
"Tomas Drake","Wellhead Restaurant-Brew Pub"
"Dayanara Mills","Dick's Last Resort"
"Sarahi Armstrong","Club Paragon"
"Aiyana Ramirez","Cheese Burger in Paradise"
"Emery Sexton","Scooters"
"Renee Francis","Bubba Gump Shrimp Company"
"Milagros Davidson","T.G.I. Friday's"
"Simeon Chen","Red Lobster"
"Prince Jones","Tradesman Tavern Inc"
"Gaven Love","Club 101"
"Monique Branch","Dixie Taverne"
"Heath Morgan","Swamp Sports Bar & Restaurant"
"Skylar Moon","Atkins Park Tavern"
"Leia Key","Bluepoint Sage Cafe"
"Nicholas Daugherty","Crystal Corner Bar"
"Rylie Houston","Ruby Tuesday"
"Yurem Bass","Smitty's Sports Pub"
"Bria Banks","Pei Wei Asian Diner"
"Nia Jefferson","Arena"
"Cassandra Elliott","Black Angus Steakhouse"
"Emery Sexton","Waffle House"
"Sheldon Atkins","Bahama Breeze"
"Yoselin Morse","Johnny Mac's Scoreboard"
"Gustavo Whitehead","The Old Spaghetti Factory"
"Vance Merritt","Jungle Restaurant-Fat Cat's"
"Armani Bridges","Quaker Steak & Lube"
"Roberto Stout","Texas Roadhouse"
"Maliyah Good","Dick's Last Resort"
"Damarion Kelly","Perkins Restaurant and Bakery"
"Noe Gates","Mulligan's Pub"
"Melina Glenn","Kainoa's Sports Bar & Restrnt"
"Bridget Marquez","Kroc's"
"Ashly Turner","Hickory Tavern"
"Elvis Strong","Texas Roadhouse"
"Trevon Howe","The Cheesecake Factory"
"Alan Stanley","Fire Bar & Grill"
"Lena Daniel","Atkins Park Tavern"
"Axel Bell","C C Slaughters Restaurant"
"Mina Shaw","J R's Last Laugh Comedy Club"
"Kyla Baird","Bluepoint Sage Cafe"
"Deven Lara","Romano's Macaroni Grill"
"Carina Pham","Arena"
"Lucy Rush","Ad Card Promotions"
"Darien Nash","The Cheesecake Factory"
"Randy Reed","Basement"
"Tania Vincent","Kroc's"
"Mohammad Kaiser","The Cheesecake Factory"
"Mercedes Acevedo","Uno Chicago Grill"
"Kaya Boyd","Wellhead Restaurant-Brew Pub"
"Allie Chan","Stingers Sports Pub & Grill"
"Demetrius Archer","Golden Corral"
"Declan Crosby","D & J Web Solutions"
"Raphael Christian","Milo's Sports Tavern"
"Judah Holder","Lone Star Steakhouse & Saloon"
"Lilia Hampton","Border Lounge"
"Paul Flynn","Ruby Tuesday"
"Kaitlyn French","Border Lounge"
"Brenda Mcdowell","Firefly Club"
"Frida Henderson","Improper Bostonian"
"Ivan Hood","Opus Mainstreet"
"Carleigh Gross","Sportsman"
"Gustavo Whitehead","Wibs"
"Isaac Kramer","Pei Wei Asian Diner"
"Tiana Zamora","Saturn"
"Mateo Hill","Crystal Corner Bar"
"Danielle Nielsen","New West"
"Zoey Lyons","Round-Up Saloon"
"Diamond Lucas","Bennigan's"
"Nathen Lester","Caledonia Lounge"
"Talia Jacobs","Big Shots Sports Bar & Grill"
"Cedric Horton","Houlihan's"
"Steven Riley","Qdoba Mexican Grill"
"Noemi Dickerson","Cheddar's Casual Café"
"Brenda Mcdowell","Famous Dave's"
"Keely Mccormick","Black Angus Steakhouse"
"Celia Adams","Daddy's"
"Cannon Wiley","Black Angus Steakhouse"
"Celeste Dunlap","Planet Hollywood"
"Daniela Collier","Famous Dave's"
"Cesar Keller","Lanigan's Irish Pub & Eatery"
"Triston Lynch","Station"
"Konnor Stuart","Scooters"
"Annabelle Frey","Downtown Lounge"
"Cannon Wiley","Xtc Cabaret"
"Jason Gray","Hooters"
"Morgan Macias","Dave & Buster's"
"Asa Rice","Stonebridge Village Poa"
"Aniya Rangel","Bennigan's"
"Mateo Hill","Milo's Sports Tavern"
"Alyson Madden","Apple Inn"
"Quincy Meyers","Dixie Taverne"
"Rishi Aguirre","Red Lobster"
"Maximo Ruiz","Station"
"Kash Bishop","Wellhead Restaurant-Brew Pub"
"Anika Goodwin","Shanahan's Lafayette"
"Karissa Koch","Tryst Lounge"
"Clayton Esparza","Jungle Restaurant-Fat Cat's"
"Ariella Chavez","Hoss's Steak and Sea House"
"Kiara Bray","Barrister S Euro Tavern;"
"Leon Mcfarland","Black Angus Steakhouse"
"Fiona Norman","Rocket"
"Asa Rice","Texas Roadhouse"
"Alonso Park","Rocket"
"Laila Steele","Milo's Sports Tavern"
"Zackery Velazquez","Vault Night Club"
"Davis Singh","Steak 'n Shake"
"Ryland Clements","Old Country Buffet"
"Jaden Hardin","Houlihan's"
"Annie Woods","Bottling CO"
"Jax Douglas","Wellhead Restaurant-Brew Pub"
"Haylie Munoz","Daddy's"
"Brennen Mcintosh","Met Lounge"
"Xiomara Sharp","Black Angus Steakhouse"
"Johnathon Russo","Waffle House"
"Faith Miller","Pivots Beach Club"
"Ashley Campbell","Cracker Barrel Old Country Store"
"Viviana Parrish","Swamp Sports Bar & Restaurant"
"Skylar Moon","Caledonia Lounge"
"Zaid Mckinney","Chipotle Mexican Grill"
"Kira Mccann","Tradesman Tavern Inc"
"Nylah Bentley","Sizzler"
"Allie Chan","Golden Corral"
"Laila Steele","Big Shots Sports Bar & Grill"
"Emery Sexton","Twin Peeks"
"Crystal Davis","Pivots Beach Club"
"Paityn Jenkins","J D Bar Corp"
"Darien Nash","Famous Dave's"
"Livia Wilkerson","Milo's Sports Tavern"
"Lucia Osborn","Planet Hollywood"
"Sidney Carey","Wellhead Restaurant-Brew Pub"
"Emily Pitts","Tryst Lounge"
"Finn Franco","Bahama Breeze"
"Alonso Park","J D Bar Corp"
"Skyler Salas","J R's Bar & Grill Inc"
"Zaid Mckinney","Star Tavern & Pizzeria"
"Alisa Cohen","Vault Night Club"
"Meadow Monroe","Paradise City"
"Rodrigo Reilly","Tony Roma's"
"Cullen Hubbard","New West"
"Donna Spears","Gold Hawk"
"Salvador Mora","Pivots Beach Club"
"Addison Kaufman","Señor Frog's"
"Kenneth Kerr","Buffalo Wild Wings"
"Sarahi Armstrong","Dillinger's Inc"
"Ana Randolph","LongHorn Steakhouse"
"Diamond Lucas","The Old Spaghetti Factory"
"Danica Cline","Spot On The Alley"
"Juliana Johns","Red Lobster"
"Katelyn Vang","Daddy's"
"Damarion Kelly","J D Bar Corp"
"Maggie Washington","Stanhope House"
"Meadow Monroe","Champions Sports Bar"
"Dale Quinn","Black-eyed Pea"
"Nathaniel Rivas","Tradesman Tavern Inc"
"Maxwell Choi","Station"
"Nathan Padilla","Town & Country"
"Talon Mckay","Kainoa's Sports Bar & Restrnt"
"Joaquin Conley","Mulligan's Pub"
"Cael Huynh","Ruby Tuesday"
"Manuel Terrell","Applebee's"
"Rowan Shea","Wibs"
"Yurem Bass","Atkins Park Tavern"
"Khalil Boyle","Arena"
"Marisol Duncan","Lone Star Steakhouse & Saloon"
"Brady Haney","Milo's Sports Tavern"
"Jarrett Burch","N V Penthouse Lounge"
"Karly Gibson","Johnny Rockets"
"Isis Weiss","Chipotle Mexican Grill"
"Katelyn Vang","War Room"
"Tomas Drake","Border Lounge"
"Jaylyn Schwartz","Benihana"
"Kiera Pineda","Cheese Burger in Paradise"
"Mercedes Acevedo","Dick's Last Resort"
"Megan Watts","Cork Town Tavern"
"Marcelo Brewer","Stingers Sports Pub & Grill"
"Cassidy Barber","Dixie Taverne"
"Marshall Leach","Milo's Sports Tavern"
"Catherine Faulkner","Wolfs Tavern"
"Malik Johnson","Wibs"
"Ryland Clements","Eight Seconds"
"Andre Sweeney","Bob Evans Restaurants"
"Kyan Forbes","Dick's Last Resort"
"Darryl Rosario","Vault Night Club"
"Madyson Owen","Benihana"
"Kaliyah Mcgee","Basement"
"Axel Bell","Bottling CO"
"Raphael Christian","New York Dolls"
"Frank Orr","40 Watt Club"
"Frederick Proctor","Rocket"
"Porter Wilkins","Met Lounge"
"Alexander Guzman","Boynton Restaurant & Spirits"
"Rishi Aguirre","P. F. Chang's China Bistro"
"Cadence Hart","Downtown Lounge"
"Regan Taylor","Big Shots Sports Bar & Grill"
"Adolfo Wiggins","Downtown Lounge"
"Daniella Webb","Arena"
"Kelsie Coleman","Romano's Macaroni Grill"
"Patience Brock","Texas Roadhouse"
"Jamya Chang","Tradesman Tavern Inc"
"Maximilian Lopez","California Pizza Kitchen"
"Khloe Mccullough","Town & Country"
"Josiah Erickson","Pivots Beach Club"
"Marcelo Brewer","Golden Corral"
"Lizbeth Terry","Johnny Mac's Scoreboard"
"Drew Walter","Jonathan's Restaurant"
"Lilyana Freeman","Atkins Park Tavern"
"Ana Randolph","Ad Card Promotions"
"German Nelson","Big Shots Sports Bar & Grill"
"Adison Oconnell","Atomic Cantina"
"Eleanor Berger","New York Dolls"
"Richard Werner","Dave & Buster's"
"Taryn Warner","Red Lobster"
"Patience Brock","Hotshots Sports Bar & Grill"
"Kathy Pruitt","Cracker Barrel Old Country Store"
"James Hooper","Black Angus Steakhouse"
"Julien Berg","Perkins Restaurant and Bakery"
"Toby Combs","Waffle House"
"Elliott Patrick","Gold Hawk"
"Ivan Hood","Waffle House"
"Wendy Shepherd","Met Lounge"
"Kaya Boyd","Tradesman Tavern Inc"
"Kyra Shannon","Bluepoint Sage Cafe"
"Adam Montes","Gay Nineties Theatre Cafe"
"Aileen Hodges","Pizza Shoppe"
"Trevon Howe","New York Dolls"
"Parker Myers","Tony Roma's"
"Alondra Delgado","Improper Bostonian"
"Paityn Jenkins","Tryst Lounge"
"Celia Adams","Hoss's Steak and Sea House"
"Isaac Kramer","J R's Bar & Grill Inc"
"Greyson Humphrey","Ad Card Promotions"
"Arnav Simmons","Atkins Park Tavern"
"Van Mooney","The Old Spaghetti Factory"
"Sydnee Ashley","J D Bar Corp"
"Xavier Roth","Grey Lounge"
"Darien Nash","Crystal Corner Bar"
"Armani Bridges","Border Lounge"
"Kate Kennedy","Stingers Sports Pub & Grill"
"Raina Singleton","Johnny Mac's Scoreboard"
"Ricky Russell","Firefly Club"
"Yamilet Murphy","New York Dolls"
"Myla Mcknight","Linda's"
"Marlene Rosales","Maria C. Estabil"
"Kyla Baird","Spot On The Alley"
"Megan Watts","The Old Spaghetti Factory"
"Steven Riley","Baja Fresh"
"Kaitlin Byrd","Star Tavern & Pizzeria"
"Kaelyn Wells","Red Robin"
"Gerardo Blair","J R's Last Laugh Comedy Club"
"Marcos Wallace","Opus Mainstreet"
"German Nelson","Famous Dave's"
"Kane Todd","Saturn"
"Broderick Durham","Kainoa's Sports Bar & Restrnt"
"Viviana Parrish","Cheese Burger in Paradise"
"Samir Rocha","Dejavu Nightclub"
"Davian Benton","Bennigan's"
"Blaine Trevino","Jekyll & Hydes"
"Shelby Stewart","Jake's Grill"
"Albert Solis","Qdoba Mexican Grill"
"Damian Hayes","The Cheesecake Factory"
"Jakob Cabrera","Gold Hawk"
"Denisse Horne","Tradesman Tavern Inc"
"Madeleine Farrell","Romano's Macaroni Grill"
"Cristal Fry","Kells Restaurant"
"Joaquin Conley","Kesler Sports Bar & Grill"
"Cooper York","Daddy's"
"Dakota Fitzgerald","Pizza Shoppe"
"Brooks Hull","J R's Bar & Grill Inc"
"Drake Buckley","Off Broadway"
"Rihanna Levine","Smitty's Sports Pub"
"Spencer Savage","Modoggies Bar & Grill"
"Beckett Donaldson","Dixie Taverne"
"Keon West","P. F. Chang's China Bistro"
"Gustavo Whitehead","Caledonia Lounge"
"Lindsey Gallagher","Big Shots Sports Bar & Grill"
"Kelton Stone","Smitty's Sports Pub"
"Lindsey Gallagher","Houlihan's"
"Raul Valentine","Apple Inn"
"Kamari Vargas","Sinners Gentlemen's Club"
"Corey Levy","Pizza Shoppe"
"Gustavo Whitehead","Gold Hawk"
"Erin Reynolds","Paradise City"
"Yoselin Morse","Old Country Buffet"
"Kathleen Malone","Ad Card Promotions"
"Elaine Dominguez","Hotshots Sports Bar & Grill"
"Agustin Ramos","Rocket"
"Kash Bishop","Scooters"
"Quincy Meyers","Applebee's"
"Annie Woods","Caledonia Lounge"
"Brittany Hurley","Carrabba's Italian Grill"
"Frederick Proctor","Houlihan's"
"Sean Anthony","Bob Evans Restaurants"
"Roger Rollins","Cheddar's Casual Café"
"Noah Avila","Jungle Restaurant-Fat Cat's"
"Clara Pena","Charles A. Meyer"
"Baylee Lawrence","Ruby Tuesday"
"Jax Douglas","Dejavu Nightclub"
"Gerardo Blair","New York Dolls"
"Sophia Lozano","Basement"
"Gaven Love","Club Paragon"
"Katelyn Vang","Johnny Rockets"
"Ryleigh Lambert","Schileens Pub"
"Jaiden Palmer","Hooters"
"Marcelo Brewer","Hotshots Sports Bar & Grill"
"Norah Morris","Dave & Buster's"
"Devyn Dawson","Mulligan's Pub"
"Hannah Olsen","Toc Bar"
"Bria Banks","Hurricane Alley"
"Sierra Bowman","Jovan's Lounge Ltd"
"Ezra Harvey","Modoggies Bar & Grill"
"Rosa Ball","Fire Bar & Grill"
"Hailie Griffith","Bubba Gump Shrimp Company"
"Lauren Rogers","Kainoa's Sports Bar & Restrnt"
"Zaria Hickman","Border Lounge"
"Teagan Hutchinson","Lone Star Athletic Football Club"
"Mira Rowe","Comedy Cellar"
"Lorenzo Nichols","LongHorn Steakhouse"
"Skylar Moon","Gold Hawk"
"Malachi Blevins","New Orleans Original Daiquiris"
"Solomon Hogan","On the Border Mexican Grill & Cantina"
"Jakobe Ochoa","Met Lounge"
"Talia Jacobs","J D Bar Corp"
"Kaylie Hansen","Club 101"
"Jakob Cabrera","World Beer Direct"
"Isis Weiss","Iron Post"
"Carolina Reese","Islands Fine Burgers & Drinks"
"Ariana Allen","Jack's Place"
"Kyra Shannon","Red Robin"
"Amiya Vaughn","Sinners Gentlemen's Club"
"Chana Copeland","Bluepoint Sage Cafe"
"Norah Morris","Jonathan's Restaurant"
"Aylin Gutierrez","Red Lobster"
"Tobias Crawford","Mulligan's Pub"
"London Herman","BJ's Restaurant & Brewery"
"Alejandro Pearson","Hard Rock Cafe"
"Garrett Carr","Park Tavern Lounge & Lanes"
"Abagail Cuevas","Cheese Burger in Paradise"
"Madalynn Flores","Boston Pizza"
"Giovanna Alexander","J R's Last Laugh Comedy Club"
"Barrett Tapia","Eight Seconds"
"Paul Flynn","Lone Star Athletic Football Club"
"Faith Miller","Vault Night Club"
"Tommy Schroeder","Dixie Taverne"
"Braydon Compton","Red Lobster"
"Carina Pham","Cracker Barrel Old Country Store"
"Marley Alvarez","Jonathan's Restaurant"
"Ian Daniels","Opus Mainstreet"
"Amina Sherman","Caledonia Lounge"
"Aniya Rangel","The Old Spaghetti Factory"
"Yazmin Joyce","Xtc Cabaret"
"Jaelynn Carter","County Line Pub"
"Nicholas Daugherty","New York Dolls"
"Esmeralda Wood","Sizzler"
"Alfred Brandt","Qdoba Mexican Grill"
"Kiley Perez","Wibs"
"Aron Richards","Wellhead Restaurant-Brew Pub"
"Joslyn Ramsey","Jungle Restaurant-Fat Cat's"
"Tania Vincent","Swamp Sports Bar & Restaurant"
"Brennan Whitney","Double Down Saloon"
"Elaine Dominguez","Golden Corral"
"Sienna Lutz","Famous Dave's"
"Phoenix Downs","Bottling CO"
"Rhianna Schaefer","Jovan's Lounge Ltd"
"Roberto Stout","Worldwide Wine Services"
"Jaden Hardin","Perkins Restaurant and Bakery"
"Elisabeth Mullen","Charlie Brown's Steakhouse"
"Keyon Powers","The Cheesecake Factory"
"Libby Henry","Black-eyed Pea"
"Elliana James","The Cheesecake Factory"
"Logan Saunders","N V Penthouse Lounge"
"Daphne Green","Boston Market"
"Dakota Fitzgerald","Xtc Cabaret"
"Sophia Lozano","Sinners Gentlemen's Club"
"Alayna Moses","Improper Bostonian"
"Piper Riddle","Texas Roadhouse"
"Paris Beltran","Gay Nineties Theatre Cafe"
"Pamela Hobbs","Daddy-O's"
"Fatima Abbott","Black-eyed Pea"
"Bo Mitchell","California Pizza Kitchen"
"Alyson Madden","Boston Market"
"Savanna Bradshaw","Waffle House"
"Lilianna Preston","Waffle House"
"Bruno Lloyd","Romano's Macaroni Grill"
"Karly Gibson","Red Lobster"
"Michaela Mcbride","Red Robin"
"Mireya Arroyo","Twin Peeks"
"Armando Kent","Kesler Sports Bar & Grill"
"Cassidy Barber","Applebee's"
"Avah Tucker","Tweed's Pub Restaurant"
"Talon Mckay","California Pizza Kitchen"
"Bo Mitchell","The Cheesecake Factory"
"Piper Riddle","Bluepoint Sage Cafe"
"Houston Ayala","Carrabba's Italian Grill"
"Jason Gray","Bob Evans Restaurants"
"Maria English","Ivar's Sports Bar & Grill"
"Dante Wolfe","Cork Town Tavern"
"Jason Gray","Señor Frog's"
"Kyra Shannon","Hard Rock Cafe"
"Ramon Schmitt","War Room"
"Akira Nolan","Jungle Restaurant-Fat Cat's"
"Lindsey Gallagher","T.G.I. Friday's"
"Jose Newman","Union Street Station"
"Cloe Melton","Jekyll & Hydes"
"Lizeth Wise","Smitty's Sports Pub"
"Ally Avery","E Robert Brame"
"Lucy Rush","LongHorn Steakhouse"
"Megan Watts","Lone Star Steakhouse & Saloon"
"Giuliana Stokes","Kells Restaurant"
"Baron Hebert","Big Shots Sports Bar & Grill"
"Braxton Torres","Station"
"Keagan Carson","Old Capitol Brew Works"
"Urijah Reid","Scooters"
"Marley Bowen","Perkins Restaurant and Bakery"
"Lillian Sloan","Town & Country"
"Frederick Proctor","T.G.I. Friday's"
"Delilah Stephens","On the Border Mexican Grill & Cantina"
"Miriam Richmond","Linda's"
"Rey Golden","Bennigan's"
"Pranav Mcclure","Pizza Shoppe"
"Abagail Cuevas","Carrabba's Italian Grill"
"Cassandra Elliott","Apple Inn"
"Kylee Oliver","Tweed's Pub Restaurant"
"Kaylin Evans","Big Shots Sports Bar & Grill"
"Mary Bates","Big Boy"
"Sylvia Randall","Mulligan's Pub"
"Kobe Stafford","Dolphin Inn"
"Kate Kennedy","Spot On The Alley"
"Michaela Mcbride","Bluepoint Sage Cafe"
"Adriana Moore","Black-eyed Pea"
"Xiomara Sharp","Pizza Shoppe"
"Ricky Russell","Milo's Sports Tavern"
"Leanna Arnold","Jekyll & Hydes"
"June Rivers","Bennigan's"
"Johnathon Russo","Twin Peeks"
"Nehemiah Ayers","Bahama Breeze"
"Daniela Collier","J R's Last Laugh Comedy Club"
"Shaylee Kirk","C C Slaughters Restaurant"
"Manuel Terrell","Cracker Barrel Old Country Store"
"Taylor Cook","Firefly Club"
"Yosef Cowan","Sinners Gentlemen's Club"
"Daniela Collier","The Cheesecake Factory"
"Mira Rowe","Dolphin Inn"
"Ernesto Chapman","New Orleans Original Daiquiris"
"Rogelio Bryant","County Line Pub"
"Jamarion Smith","Black-eyed Pea"
"Cyrus Benitez","Cork Town Tavern"
"Aspen Kline","Quaker Steak & Lube"
"Marques Lane","Tweed's Pub Restaurant"
"Kyla Baird","Texas Roadhouse"
"Nia Jefferson","Charlie Brown's Steakhouse"
"Seth Burnett","Iron Post"
"Brianna Jennings","Houlihan's"
"Monique Branch","Downtown Lounge"
"Addison Kaufman","Hurricane Alley"
"Marques Lane","Waffle House"
"Micaela Crane","Border Lounge"
"Taryn Warner","Sutliff Bar & Grill"
"Shaylee Kirk","Wibs"
"Zariah Shields","Hooters"
"Agustin Ramos","Firefly Club"
"Esmeralda Wood","The Old Spaghetti Factory"
"Lillian Sloan","Quaker Steak & Lube"
"Jazlyn Simpson","Bahama Breeze"
"Leonard Castro","N V Penthouse Lounge"
"Giovanna Alexander","Tryst Lounge"
"Ahmed Castillo","Lone Star Steakhouse & Saloon"
"Lucille Swanson","Cracker Barrel Old Country Store"
"Kristin Horn","Dixie Taverne"
"Andreas Le","Perkins Restaurant and Bakery"
"Nevaeh Chandler","The Old Spaghetti Factory"
"Hayden Hardy","Ruby Tuesday"
"Konnor Stuart","Tradesman Tavern Inc"
"Hailey Short","Perkins Restaurant and Bakery"
"Braedon Mcclain","Perkins Restaurant and Bakery"
"Francisco Sullivan","Cheddar's Casual Café"
"Jakayla Harrington","Champions Sports Bar"
"Kevin Robles","Lanigan's Irish Pub & Eatery"
"Piper Riddle","Stonebridge Village Poa"
"Lamont Shah","Bob Evans Restaurants"
"Maria English","Jake's Grill"
"Stanley Clay","Houlihan's"
"Melissa Davenport","Toc Bar"
"Emery Sexton","Tradesman Tavern Inc"
"Noelle Hendricks","New West"
"Samir Rocha","Swamp Sports Bar & Restaurant"
"Amina Sherman","Uno Chicago Grill"
"Ashton Olson","Apple Inn"
"Adam Montes","Ivar's Sports Bar & Grill"
"Jaydin George","Chili's"
"Kira Mccann","Twin Peeks"
"London Meyer","Planet Hollywood"
"Simeon Chen","Kells Restaurant"
"Isiah Sawyer","Ruby Tuesday"
"Marcos Wallace","Dejavu Nightclub"
"Carmen Shepard","Cheese Burger in Paradise"
"Ryder Phelps","Vault Night Club"
"Vicente Cochran","J R's Last Laugh Comedy Club"
"Beckett Donaldson","Linda's"
"Regan Taylor","New York Dolls"
"Makenzie Mueller","Johnny Mac's Scoreboard"
"Lilianna Preston","Kroc's"
"Raphael Christian","Kainoa's Sports Bar & Restrnt"
"Prince Jones","Quaker Steak & Lube"
"Emily Pitts","The Cheesecake Factory"
"Bridget Marquez","Boynton Restaurant & Spirits"
"Maximo Ruiz","Stonebridge Village Poa"
"Ashlyn Hamilton","Big Shots Sports Bar & Grill"
"Camryn Montgomery","Boynton Restaurant & Spirits"
"Braxton Torres","Hotshots Sports Bar & Grill"
"Mia Jensen","YUMIS SUSHI BAR"
"Urijah Reid","Cheese Burger in Paradise"
"Amina Sherman","Lone Star Steakhouse & Saloon"
"Yaretzi Camacho","Bennigan's"
"Gauge Melendez","Crystal Corner Bar"
"Mercedes Acevedo","Bottling CO"
"Dakota Cummings","Cheddar's Casual Café"
"Hailie Griffith","Iron Post"
"Lorenzo Nichols","Vault Night Club"
"Renee Francis","Stonebridge Village Poa"
"Kira Mccann","Town & Country"
"Alondra Delgado","Vault Night Club"
"Soren Fritz","Tweed's Pub Restaurant"
"Mercedes Acevedo","Sizzler"
"Sierra Bowman","Hooters"
"Destinee Mann","Chili's"
"Giovanna Alexander","Crystal Corner Bar"
"Michaela Mcbride","Spot On The Alley"
"Damarion Kelly","Big Shots Sports Bar & Grill"
"Lena Daniel","Bennigan's"
"Elliana James","Crystal Corner Bar"
"Isis Weiss","Bubba Gump Shrimp Company"
"Zariah Shields","Rainforest Cafe"
"Celia Adams","Sutliff Bar & Grill"
"Aubrey Adkins","Downtown Lounge"
"Michaela Mcbride","Stonebridge Village Poa"
"Abigail Briggs","California Pizza Kitchen"
"Rodney Fletcher","Henrietta Hudson"
"Lorelai Holden","Jake's Old City Grill"
"Kelsie Coleman","Ruby Tuesday"
"Leia Key","Golden Corral"
"Kaitlyn French","Quaker Steak & Lube"
"Nathaniel Rivas","Dejavu Nightclub"
"Amiya Vaughn","Linda's"
"Mireya Arroyo","Kroc's"
"Kade Hall","Kroc's"
"Jayce Sosa","Toc Bar"
"Jameson Best","Bob Evans Restaurants"
"Scott Barron","Club 101"
"Jordon Bernard","Houlihan's"
"Izaiah Macdonald","YUMIS SUSHI BAR"
"Eleanor Berger","Crystal Corner Bar"
"Jaidyn Lindsey","Ruby Tuesday"
"Paige Wyatt","Hooters"
"Jax Douglas","Quaker Steak & Lube"
"Dixie Ray","Swamp Sports Bar & Restaurant"
"Hailie Griffith","Hard Rock Cafe"
"Isabela Hester","California Pizza Kitchen"
"Shayla Rubio","Lanigan's Irish Pub & Eatery"
"Piper Riddle","Station"
"Elvis Strong","Station"
"Livia Wilkerson","The Cheesecake Factory"
"Elsa Long","Stingers Sports Pub & Grill"
"Jordon Bernard","J R's Last Laugh Comedy Club"
"Ellen Ellis","Charles A. Meyer"
"Scarlet Villarreal","Kainoa's Sports Bar & Restrnt"
"Levi Walsh","Dick's Last Resort"
"Alexandria Landry","Union Street Station"
"Jabari Yu","Ground Round"
"Ricky Russell","Kainoa's Sports Bar & Restrnt"
"Prince Jones","Cheese Burger in Paradise"
"Tania Vincent","Scooters"
"Alayna Moses","Ad Card Promotions"
"Braedon Mcclain","Houlihan's"
"Dixie Ray","Tweed's Pub Restaurant"
"Makenna Grant","Old Country Buffet"
"Emery Ross","Red Robin"
"Kyla Baird","Station"
"Kaya Boyd","Carrabba's Italian Grill"
"Amina Sherman","Wibs"
"Kate Kennedy","Worldwide Wine Services"
"Drew Walter","Boston Market"
"Houston Ayala","Tweed's Pub Restaurant"
"Cassie Gregory","Sugarbush Tavern"
"Franco Bennett","Boston Pizza"
"Harry Mullins","Kainoa's Sports Bar & Restrnt"
"Whitney Clarke","Hooters"
"Conrad Higgins","J D Bar Corp"
"Mila Perry","Charlie Brown's Steakhouse"
"Lindsey Gallagher","J R's Last Laugh Comedy Club"
"Leo Vaughan","Mulligan's Pub"
"Khloe Mccullough","Quaker Steak & Lube"
"Sydnee Ashley","Kainoa's Sports Bar & Restrnt"
"Saniya Porter","Red Robin"
"Timothy Orozco","Jekyll & Hydes"
"Mariah Odom","Quaker Steak & Lube"
"Halle Valdez","J R's Bar & Grill Inc"
"Dustin Ryan","Houlihan's"
"Bryan Scott","Dejavu Nightclub"
"Trevon Howe","Big Shots Sports Bar & Grill"
"Armando Kent","Jekyll & Hydes"
"Ashanti Blanchard","Dixie Taverne"
"Zaria Hickman","Town & Country"
"Kameron Espinoza","Red Robin"
"Alfonso Foley","Downtown Lounge"
"Daphne Green","Dave & Buster's"
"Azul Fox","C C Slaughters Restaurant"
"Brady Haney","Famous Dave's"
"Fiona Norman","Firefly Club"
"Yurem Bass","Caledonia Lounge"
"Whitney Clarke","Rainforest Cafe"
"Victoria Roman","Johnny Mac's Scoreboard"
"Mila Perry","Downtown Lounge"
"Harry Mullins","Tryst Lounge"
"Aspen Kline","Dejavu Nightclub"
"Jerimiah Weeks","Double Down Saloon"
"Zaria Hickman","Twin Peeks"
"Tyrese Galvan","Comedy Cellar"
"Ashley Campbell","Downtown Lounge"
"Brodie Nunez","Club Paragon"
"Rowan Burke","Mulligan's Pub"
"Mia Jensen","Planet Hollywood"
"Dominick Friedman","Lone Star Athletic Football Club"
"Vicente Cochran","Houlihan's"
"Lincoln Lawson","Union Street Station"
"Kira Mccann","Kroc's"
"Kamren Payne","N V Penthouse Lounge"
"Lewis Gallegos","Mulligan's Pub"
"Kathleen Malone","Vault Night Club"
"Annabelle Frey","Arena"
"Katrina Ritter","Cheese Burger in Paradise"
"Milagros Davidson","California Pizza Kitchen"
"Darwin Riggs","Jrbc"
"Derick Sutton","Sheffield Wine & Spirits Center"
"Yandel Michael","Basement"
"Fiona Norman","Houlihan's"
"Demetrius Archer","Star Tavern & Pizzeria"
"Albert Solis","Grey Lounge"
"Zackery Velazquez","Improper Bostonian"
"Hayden Barrera","Bob Evans Restaurants"
"Judah Holder","World Beer Direct"
"Fiona Norman","The Cheesecake Factory"
"Lesly Austin","Dejavu Nightclub"
"Annabelle Frey","Sinners Gentlemen's Club"
"Kaya Boyd","Boynton Restaurant & Spirits"
"Malik Johnson","C C Slaughters Restaurant"
"Roberto Stout","Stonebridge Village Poa"
"Roman Mcneil","Dejavu Nightclub"
"Dante Wolfe","C C Slaughters Restaurant"
"Leo Vaughan","Ruby Tuesday"
"Bryan Scott","Tweed's Pub Restaurant"
"Cassandra Elliott","Jonathan's Restaurant"
"Monique Branch","Basement"
"Gemma Montoya","Islands Fine Burgers & Drinks"
"Kaliyah Mcgee","On the Border Mexican Grill & Cantina"
"Nola Potter","Black-eyed Pea"
"Ashlyn Hamilton","New York Dolls"
"Julien Berg","Rocket"
"Abdiel Valencia","Olive Garden"
"Paris Beltran","Tony Roma's"
"Johnathan Parker","Benihana"
"Lilah Dudley","Toc Bar"
"Solomon Hogan","Sinners Gentlemen's Club"
"Brenda Mcdowell","T.G.I. Friday's"
"Lizbeth Terry","Eight Seconds"
"Ibrahim Zuniga","Round-Up Saloon"
"Aylin Gutierrez","Paradise City"
"Mohammad Kaiser","Firefly Club"
"Hailie Griffith","Chipotle Mexican Grill"
"Rihanna Levine","Bottling CO"
"Colin Rivera","Bob Evans Restaurants"
"Alvin Davila","Jack's Place"
"Lila Bartlett","Hooters"
"Kayleigh Rowland","Xtc Cabaret"
"Mariela Hartman","Bottling CO"
"Braedon Mcclain","J D Bar Corp"
"Bruno Lloyd","Round-Up Saloon"
"Cash Haas","Gay Nineties Theatre Cafe"
"Nyla Dorsey","Ivar's Sports Bar & Grill"
"Jonathon Eaton","Met Lounge"
"Isis Weiss","Star Tavern & Pizzeria"
"Izabelle Duarte","Wibs"
"Leila Rich","Gay Nineties Theatre Cafe"
"Garrett Carr","Arlene's"
"Regan Taylor","Kainoa's Sports Bar & Restrnt"
"Lilia Hampton","Dejavu Nightclub"
"Essence Ferrell","Smitty's Sports Pub"
"Dalton Massey","New West"
"Kaylynn Small","Bob Evans Restaurants"
"Victoria Roman","Old Country Buffet"
"Makenzie Mueller","Monopole Restaurant"
"Jaidyn Lindsey","Romano's Macaroni Grill"
"Zayden Salazar","Toc Bar"
"Kaliyah Mcgee","Charlie Brown's Steakhouse"
"Kolby Mays","Dolphin Inn"
"Tomas Drake","Tradesman Tavern Inc"
"Kole Lynn","Johnny Rockets"
"Ali Matthews","Uno Chicago Grill"
"Michaela Mcbride","Worldwide Wine Services"
"Alivia Black","Tryst Lounge"
"Frederick Proctor","Milo's Sports Tavern"
"Avah Tucker","Scooters"
"Violet Robertson","Quaker Steak & Lube"
"Adriana Moore","Dave & Buster's"
"Brisa Escobar","Ruby Tuesday"
"Lorenzo Nichols","Toc Bar"
"Sergio Powell","Bertucci's"
"Yandel Michael","On the Border Mexican Grill & Cantina"
"Theodore Cross","Hooters"
"Braylon Wilcox","Xtc Cabaret"
"Kailyn Murillo","J R's Bar & Grill Inc"
"Elvis Strong","Worldwide Wine Services"
"Elliana James","T.G.I. Friday's"
"Marshall Leach","Rocket"
"Khalil Boyle","On the Border Mexican Grill & Cantina"
"Lena Daniel","Cork Town Tavern"
"Violet Robertson","Boynton Restaurant & Spirits"
"Nathan Padilla","Border Lounge"
"Corey Levy","Dave & Buster's"
"Jimena Solomon","Dolphin Inn"
"Carsen Oconnor","Romano's Macaroni Grill"
"Skylar Moon","Uno Chicago Grill"
"Dulce Shaffer","Spot On The Alley"
"Cadence Hart","Arena"
"Jaime Kim","Quaker Steak & Lube"
"Brent Lowe","Smitty's Sports Pub"
"Adam Montes","Pub 13"
"Alexander Guzman","Tweed's Pub Restaurant"
"Saniya Porter","Star Tavern & Pizzeria"
"Izabelle Duarte","The Old Spaghetti Factory"
"Porter Wilkins","The Cheesecake Factory"
"Saniya Porter","Bubba Gump Shrimp Company"
"Aniya Rangel","Dick's Last Resort"
"Nathan Padilla","Swamp Sports Bar & Restaurant"
"Heidi Glass","Pizza Shoppe"
"Jace Martin","Smitty's Sports Pub"
"Odin Owens","Baja Fresh"
"Philip Oneal","Champions Sports Bar"
"Elijah Gonzales","Famous Dave's"
"Adrienne Martinez","Caledonia Lounge"
"Kelsie Coleman","Lone Star Athletic Football Club"
"Armani Bridges","Kroc's"
"Lilah Dudley","Wolfs Tavern"
"Porter Wilkins","California Pizza Kitchen"
"Wendy Shepherd","Kainoa's Sports Bar & Restrnt"
"Heath Morgan","Twin Peeks"
"Jace Martin","Sizzler"
"Haiden Livingston","Scooters"
"Natalya Greene","Firefly Club"
"Broderick Durham","T.G.I. Friday's"
"Danna Baker","Henrietta Hudson"
"Anderson Graham","Smokey Bones"
"Cornelius Maddox","Firefly Club"
"Frederick Proctor","The Cheesecake Factory"
"Prince Jones","Opus Mainstreet"
"Raphael Christian","Rocket"
"Gerardo Blair","California Pizza Kitchen"
"Adyson Blackburn","Scores"
"Adriana Moore","Pizza Shoppe"
"Rey Golden","Uno Chicago Grill"
"Raul Valentine","Black Angus Steakhouse"
"Rihanna Levine","Cork Town Tavern"
"Alijah Meza","Spot On The Alley"
"Greyson Humphrey","Pivots Beach Club"
"Carina Pham","Basement"
"Joslyn Ramsey","County Line Pub"
"Gabriella Carlson","Atomic Cantina"
"Crystal Davis","Club Paragon"
"Regan Taylor","California Pizza Kitchen"
"Jaylin Baxter","Joe's Crab Shack"
"Catherine Faulkner","Club Paragon"
"Brennen Mcintosh","Crystal Corner Bar"
"Essence Ferrell","Cork Town Tavern"
"Jovani Yates","Tryst Lounge"
"Summer Wilkinson","Xtc Cabaret"
"Ariel Doyle","E Robert Brame"
"Kristian Bautista","Comedy Cellar"
"Mark Winters","The Cheesecake Factory"
"Eduardo Glover","Maria C. Estabil"
"Rowan Shea","The Old Spaghetti Factory"
"Megan Watts","Uno Chicago Grill"
"Bria Banks","Rainforest Cafe"
"Nathaly Fuller","Big Boy"
"Trevor May","Black Angus Steakhouse"
"Carly Frazier","Pei Wei Asian Diner"
"Trace Huff","Bennigan's"
"Lindsay Wagner","Linda's"
"Victor Rhodes","Hard Rock Cafe"
"Nathen Lester","Bottling CO"
"Macie Lucero","Hooters"
"Lena Daniel","The Old Spaghetti Factory"
"Lesly Austin","Waffle House"
"Kai Villegas","Mulligan's Pub"
"Marissa Reeves","Jungle Restaurant-Fat Cat's"
"Jaliyah Soto","Jovan's Lounge Ltd"
"Sophia Lozano","Applebee's"
"Janet Schneider","Baja Fresh"
"Teagan Hutchinson","Romano's Macaroni Grill"
"Jordon Bernard","Tryst Lounge"
"Elaine Dominguez","Bluepoint Sage Cafe"
"Lillian Sloan","Border Lounge"
"Samir Rocha","Tradesman Tavern Inc"
"Krish Bailey","Union Street Station"
"Deegan Khan","Bahama Breeze"
"Vicente Cochran","Met Lounge"
"Reginald Frye","Lanigan's Irish Pub & Eatery"
"Alijah Meza","Golden Corral"
"Krish Bailey","Charles A. Meyer"
"Dakota Fitzgerald","Benihana"
"Elliott Patrick","Lone Star Steakhouse & Saloon"
"Skye Cooke","Joe's Crab Shack"
"Jarrett Burch","Boston Market"
"Jonah Ibarra","Phebe's"
"Heaven Miles","Moms Toy Box"
"Yusuf Oneill","Planet Hollywood"
"Naomi Gomez","Applebee's"
"Wyatt Cunningham","Club Paragon"
"Marley Alvarez","Dave & Buster's"
"Maliyah Good","Wibs"
"Piper Riddle","Chipotle Mexican Grill"
"Avah Tucker","Boynton Restaurant & Spirits"
"Andreas Le","California Pizza Kitchen"
"Lucille Swanson","Charlie Brown's Steakhouse"
"Killian Logan","LongHorn Steakhouse"
"Jorden Becker","Daddy-O's"
"Brian Leon","The Cheesecake Factory"
"Yamilet Murphy","California Pizza Kitchen"
"Philip Oneal","Kells Restaurant"
"Brennen Mcintosh","Tryst Lounge"
"Yael Hoffman","Rainforest Cafe"
"Emmanuel Aguilar","Savannah Wine Shop"
"Dante Wolfe","Caledonia Lounge"
"Mateo Hill","California Pizza Kitchen"
"Braden Hughes","Charlie Brown's Steakhouse"
"Noah Avila","YUMIS SUSHI BAR"
"Haiden Livingston","Carrabba's Italian Grill"
"Nathaniel Rivas","Wellhead Restaurant-Brew Pub"
"Daniela Collier","Firefly Club"
"Khalil Boyle","Applebee's"
"Zander Juarez","Rocket"
"Tess Cherry","T.G.I. Friday's"
"Mohammad Kaiser","New York Dolls"
"Alvin Davila","Saturn"
"Bo Mitchell","Big Shots Sports Bar & Grill"
"Blake Holland","Sinners Gentlemen's Club"
"Lucy Rush","Toc Bar"
"Van Mooney","Wibs"
"Darryl Rosario","Dillinger's Inc"
"Azaria White","Tradesman Tavern Inc"
"Walker Mack","Mulligan's Pub"
"Seth Burnett","Hard Rock Cafe"
"Esmeralda Wood","Caledonia Lounge"
"Jaidyn Lindsey","Jekyll & Hydes"
"Eleanor Berger","California Pizza Kitchen"
"Amiya Vaughn","On the Border Mexican Grill & Cantina"
"Ahmed Castillo","The Old Spaghetti Factory"
"Jonathon Eaton","Perkins Restaurant and Bakery"
"Jack Brown","New Orleans Original Daiquiris"
"Maritza Santos","Downtown Lounge"
"Izabella Gay","Old Country Buffet"
"Johnathan Parker","N V Penthouse Lounge"
"Aisha Charles","New Orleans Original Daiquiris"
"Leila Rich","Bahama Breeze"
"Diamond Lucas","Uno Chicago Grill"
"Zariah Shields","Bob Evans Restaurants"
"Sophia Lozano","Downtown Lounge"
"Abigail Briggs","Milo's Sports Tavern"
"Emilia Mcpherson","Atkins Park Tavern"
"Rey Golden","Gold Hawk"
"Ezequiel Valenzuela","Charlie Brown's Steakhouse"
"Kenneth Kerr","E Robert Brame"
"Aron Richards","Scooters"
"Paula Fleming","Lone Star Athletic Football Club"
"Aliyah Pace","Atkins Park Tavern"
"Brodie Nunez","Pivots Beach Club"
"Elliot Davies","Apple Inn"
"Quintin Peterson","Tony Roma's"
"Kaitlynn Farley","Kesler Sports Bar & Grill"
"Trace Huff","C C Slaughters Restaurant"
"Kinley Santiago","Dick's Last Resort"
"Reese Griffin","Rainforest Cafe"
"Elliana James","Met Lounge"
"Mariah Odom","Swamp Sports Bar & Restaurant"
"Kate Kennedy","Texas Roadhouse"
"Skyla Mcintyre","Rainforest Cafe"
"Katrina Ritter","Kroc's"
"Andrea Ho","Charlie Brown's Steakhouse"
"Lamont Shah","Rainforest Cafe"
"Jazlyn Simpson","Jake's Grill"
"Camryn Montgomery","Town & Country"
"Hayden Barrera","Jovan's Lounge Ltd"
"Chana Copeland","Texas Roadhouse"
"Kaeden Vazquez","Texas Roadhouse"
"Hayden Barrera","J R's Bar & Grill Inc"
"Jaylon Nguyen","Town & Country"
"Andreas Le","Tryst Lounge"
"Jovanny Spencer","Uno Chicago Grill"
"Maliyah Good","Cork Town Tavern"
"Zaid Mckinney","Golden Corral"
"Rishi Aguirre","Paradise City"
"Amir Mclean","Swamp Sports Bar & Restaurant"
"Maximo Ruiz","Bluepoint Sage Cafe"
"Kai Villegas","Round-Up Saloon"
"Melina Glenn","J D Bar Corp"
"Lucy Rush","Improper Bostonian"
"Nikolai Gonzalez","Wolfs Tavern"
"Nathaniel Rivas","Cheese Burger in Paradise"
"Denise Hunter","Twin Peeks"
"Summer Wilkinson","Pizza Shoppe"
"Francisco Sullivan","Sportsman"
"Keyon Powers","Big Shots Sports Bar & Grill"
"Matthias Haley","Stingers Sports Pub & Grill"
"Ciara Yoder","The Cheesecake Factory"
"Kinley Santiago","Lone Star Steakhouse & Saloon"
"Yesenia Sandoval","Bottling CO"
"Blake Holland","Charlie Brown's Steakhouse"
"Lizbeth Terry","Friendly's"
"Ahmed Castillo","Atkins Park Tavern"
"Nikolai Gonzalez","Club Paragon"
"Houston Ayala","Wellhead Restaurant-Brew Pub"
"Milton Burton","Henrietta Hudson"
"Alejandro Pearson","Iron Post"
"Naomi Gomez","Cracker Barrel Old Country Store"
"Sienna Lutz","Milo's Sports Tavern"
"Sarah Craig","Toc Bar"
"Bailey Hanson","Johnny Rockets"
"Noelle Hendricks","Arlene's"
"Urijah Reid","Kroc's"
"Leo Vaughan","Romano's Macaroni Grill"
"Brennan Whitney","Scores"
"Juliet Kemp","Kainoa's Sports Bar & Restrnt"
"Leandro Mcconnell","Rainforest Cafe"
"Seth Burnett","Hotshots Sports Bar & Grill"
"Van Mooney","Bottling CO"
"Joanna Mcguire","J R's Bar & Grill Inc"
"Abagail Cuevas","Kroc's"
"Daniella Webb","Downtown Lounge"
"Dennis Simon","J D Bar Corp"
"Jace Martin","Bennigan's"
"Amara Sanchez","Downtown Lounge"
"Madeleine Farrell","Lone Star Athletic Football Club"
"Malik Johnson","Uno Chicago Grill"
"Haleigh Lee","Dolphin Inn"
"Toby Combs","Swamp Sports Bar & Restaurant"
"Lila Bartlett","J R's Bar & Grill Inc"
"Kaeden Vazquez","Stingers Sports Pub & Grill"
"Teagan Hutchinson","Jekyll & Hydes"
"Reese Griffin","Señor Frog's"
"Giuliana Stokes","War Room"
"Justice Holt","Sinners Gentlemen's Club"
"Preston Benson","Hooters"
"Soren Fritz","Swamp Sports Bar & Restaurant"
"Aiyana Ramirez","Border Lounge"
"Donna Spears","Cork Town Tavern"
"Krista Bonilla","Black-eyed Pea"
"Stephany Fernandez","Xtc Cabaret"
"Khalil Boyle","Linda's"
"Marie Pierce","California Pizza Kitchen"
"Devyn Dawson","Jekyll & Hydes"
"Caroline Casey","On the Border Mexican Grill & Cantina"
"Carmen Shepard","Opus Mainstreet"
"Ainsley Mckee","Ivar's Sports Bar & Grill"
"Kimora Mathis","Ground Round"
"Delilah Stephens","Arena"
"Dante Wolfe","The Old Spaghetti Factory"
"Kenzie Barr","New West"
"Braylon Wilcox","Pizza Shoppe"
"Nylah Bentley","World Beer Direct"
"Kenna Garza","Romano's Macaroni Grill"
"Mollie Sanders","J R's Bar & Grill Inc"
"Joyce Romero","War Room"
"Olive Maldonado","Border Lounge"
"Cadence Hart","Basement"
"Urijah Reid","Town & Country"
"Jimena Solomon","Comedy Cellar"
"Quintin Peterson","Ivar's Sports Bar & Grill"
"Izabella Gay","Schileens Pub"
"Frankie Wilson","Met Lounge"
"Cassidy Barber","Cracker Barrel Old Country Store"
"Roman Mcneil","Carrabba's Italian Grill"
"Keyon Powers","Tryst Lounge"
"Colin Rivera","Pei Wei Asian Diner"
"Emiliano Duffy","Bubba Gump Shrimp Company"
"Brisa Escobar","Jekyll & Hydes"
"Lucille Swanson","Sinners Gentlemen's Club"
"Kyla Baird","Bubba Gump Shrimp Company"
"Darryl Rosario","Pivots Beach Club"
"Alejandra Hahn","Jungle Restaurant-Fat Cat's"
"Madelyn Watson","Gold Hawk"
"Nicholas Daugherty","J D Bar Corp"
"Nayeli Cooper","Johnny Mac's Scoreboard"
"Darryl Rosario","Club 101"
"Savion Navarro","Buffalo Wild Wings"
"Davian Benton","Atkins Park Tavern"
"Braedon Mcclain","Met Lounge"
"Scarlet Villarreal","Big Shots Sports Bar & Grill"
"Josephine Holmes","Friendly's"
"Heaven Miles","Wolfs Tavern"
"Talon Mckay","The Cheesecake Factory"
"Helen Fuentes","Hurricane Alley"
"Stephany Fernandez","Apple Inn"
"Cyrus Benitez","Gold Hawk"
"Xavier Roth","Qdoba Mexican Grill"
"Roberto Stout","Golden Corral"
"Sidney Carey","Boynton Restaurant & Spirits"
"Urijah Reid","Quaker Steak & Lube"
"Trevon Howe","Perkins Restaurant and Bakery"
"Veronica Harrison","Bob Evans Restaurants"
"Lara Sparks","Daddy-O's"
"Asa Rice","Hotshots Sports Bar & Grill"
"Brennen Mcintosh","New York Dolls"
"Camryn Montgomery","Twin Peeks"
"Trevor May","Xtc Cabaret"
"Saniya Porter","Worldwide Wine Services"
"Dulce Shaffer","Chipotle Mexican Grill"
"Phoenix Downs","The Old Spaghetti Factory"
"Ashley Campbell","Linda's"
"Jabari Yu","Outback Steakhouse"
"Riley Kelley","Waffle House"
"Essence Ferrell","C C Slaughters Restaurant"
"Trevon Howe","California Pizza Kitchen"
"Jake Decker","Buffalo Wild Wings"
"Kael Dennis","Bluepoint Sage Cafe"
"Annabel Duran","Bertucci's"
"Bridger Mcmillan","Big Al's"
"Justice Holt","Arena"
"Vicente Cochran","J D Bar Corp"
"Johnathan Parker","Pizza Shoppe"
"Raul Valentine","Dave & Buster's"
"Zaid Mckinney","Stingers Sports Pub & Grill"
"Kade Hall","Town & Country"
"German Nelson","J R's Last Laugh Comedy Club"
"Damari Roberts","Smitty's Sports Pub"
"Jayce Sosa","Club Paragon"
"Kinley Santiago","Gold Hawk"
"Catherine Faulkner","Dillinger's Inc"
"Melissa Davenport","LongHorn Steakhouse"
"Alyson Madden","Black Angus Steakhouse"
"Marcelo Brewer","Spot On The Alley"
"Morgan Gamble","Eight Seconds"
"Toby Combs","Tradesman Tavern Inc"
"Ali Matthews","Smitty's Sports Pub"
"Kyra Shannon","Bubba Gump Shrimp Company"
"Brian Leon","Rocket"
"Paityn Jenkins","Rocket"
"Gauge Melendez","Perkins Restaurant and Bakery"
"Stanley Clay","Rocket"
"Mara Cervantes","Scores"
"Azaria White","Swamp Sports Bar & Restaurant"
"Kaylee Wade","YUMIS SUSHI BAR"
"Kelton Stone","Sizzler"
"Jon Andrade","Jungle Restaurant-Fat Cat's"
"Libby Henry","Apple Inn"
"Andrea Ho","Applebee's"
"Hezekiah Pope","Dejavu Nightclub"
"Cassidy Barber","Arena"
"Mikaela Tanner","Eight Seconds"
"Jamiya Page","Tony Roma's"
"Roselyn Hernandez","Planet Hollywood"
"Jovanny Spencer","Caledonia Lounge"
"Peter Gilmore","Jake's Old City Grill"
"Kirsten Howard","Jovan's Lounge Ltd"
"Rayne Galloway","Tryst Lounge"
"Emiliano Duffy","Texas Roadhouse"
"Asa Rice","Bluepoint Sage Cafe"
"Lila Bartlett","Hurricane Alley"
"Hope Howell","Xtc Cabaret"
"Jamya Chang","Town & Country"
"Alisa Cohen","Dillinger's Inc"
"Emilee Knox","J D Bar Corp"
"Drew Walter","Black Angus Steakhouse"
"Jaylon Nguyen","Opus Mainstreet"
"Jonathon Eaton","Houlihan's"
"Neil Ellison","Schileens Pub"
"Braedon Mcclain","California Pizza Kitchen"
"Kenyon Conway","Cracker Barrel Old Country Store"
"Markus Herring","Big Boy"
"Celeste Dunlap","County Line Pub"
"Sammy Buck","Bahama Breeze"
"Zayden Salazar","Moms Toy Box"
"Zechariah Jimenez","Phebe's"
"Maria English","Pub 13"
"Yesenia Sandoval","Sizzler"
"Emery Sexton","Tweed's Pub Restaurant"
"Hezekiah Pope","Waffle House"
"Avah Tucker","Swamp Sports Bar & Restaurant"
"Leticia Gilbert","Wibs"
"Melina Glenn","Firefly Club"
"Reagan Dillon","Rainforest Cafe"
"Alejandro Pearson","Stonebridge Village Poa"
"Alexis Ali","Jake's Grill"
"Seth Burnett","Stingers Sports Pub & Grill"
"Chance Mercado","Cork Town Tavern"
"Finley Suarez","P. F. Chang's China Bistro"
"Ivy Weaver","Olive Garden"
"Jayce Sosa","Club 101"
"Roman Mcneil","Opus Mainstreet"
"Kira Mccann","Cheese Burger in Paradise"
"Kendall Conner","Park Tavern Lounge & Lanes"
"Richard Werner","N V Penthouse Lounge"
"Elisa Morton","Jake's Old City Grill"
"Elaine Dominguez","Station"
"Micaela Crane","Waffle House"
"Gunnar Zavala","Jekyll & Hydes"
"Lincoln Lawson","Arlene's"
"Armani Bridges","Swamp Sports Bar & Restaurant"
"Alonso Park","T.G.I. Friday's"
"Harper Colon","Apple Inn"
"Zackery Velazquez","Pivots Beach Club"
"Ian Daniels","Twin Peeks"
"Ahmad Hale","War Room"
"Odin Owens","Grey Lounge"
"Trace Huff","Atkins Park Tavern"
"Kaya Boyd","Waffle House"
"Emiliano Duffy","Spot On The Alley"
"Nathen Lester","Sizzler"
"Kenzie Barr","Jake's Old City Grill"
"Piper Riddle","Hard Rock Cafe"
"Michael Floyd","Mulligan's Pub"
"Sienna Lutz","J R's Last Laugh Comedy Club"
"Wesley Buchanan","Union Street Station"
"Mitchell Peters","Cracker Barrel Old Country Store"
"Sydnee Ashley","Rocket"
"Kirsten Howard","Hurricane Alley"
"Adriana Moore","Boston Market"
"Cooper York","Johnny Rockets"
"Charlie Odonnell","LongHorn Steakhouse"
"Lena Daniel","Sizzler"
"Monique Branch","Cracker Barrel Old Country Store"
"Kaylie Hansen","Ad Card Promotions"
"Quincy Meyers","Sinners Gentlemen's Club"
"Danika Frost","40 Watt Club"
"Jessie David","New West"
"Isabela Hester","Tryst Lounge"
"Ashton Olson","Pizza Shoppe"
"Melanie Bradford","N V Penthouse Lounge"
"Clara Pena","Union Street Station"
"Cedric Horton","Kainoa's Sports Bar & Restrnt"
"Isabella Lamb","Round-Up Saloon"
"Maia Petty","Ruby Tuesday"
"Ahmad Hale","Kells Restaurant"
"Zander Juarez","New York Dolls"
"Maritza Santos","On the Border Mexican Grill & Cantina"
"Talia Jacobs","Milo's Sports Tavern"
"Alexa Garcia","Bottling CO"
"Karma Pollard","C C Slaughters Restaurant"
"Alexia Liu","Jake's Old City Grill"
"Kennedi Mcgrath","Firefly Club"
"Charlie Waters","Downtown Lounge"
"Zaid Mckinney","Stonebridge Village Poa"
"Damion Cortez","Crowe Bar"
"Damian Hayes","Kainoa's Sports Bar & Restrnt"
"Brynn Carpenter","Cracker Barrel Old Country Store"
"Giovanna Alexander","Firefly Club"
"Leia Key","Star Tavern & Pizzeria"
"Eliezer Murray","Denny's"
"Annika Luna","Basement"
"Abagail Cuevas","Border Lounge"
"Marissa Reeves","County Line Pub"
"Kaylin Evans","California Pizza Kitchen"
"Abdiel Valencia","Sugarbush Tavern"
"Kate Kennedy","Hard Rock Cafe"
"Bruce Deleon","Round-Up Saloon"
"Heath Morgan","Opus Mainstreet"
"Jayden Arias","Arena"
"Mireya Arroyo","Cheese Burger in Paradise"
"Camryn Montgomery","Tweed's Pub Restaurant"
"Salvador Mora","Improper Bostonian"
"Elliott Patrick","Atkins Park Tavern"
"Ian Daniels","Cheese Burger in Paradise"
"Braiden Beard","Sutliff Bar & Grill"
"Aylin Gutierrez","Phebe's"
"Toby Combs","Dejavu Nightclub"
"Riya Dean","Scooters"
"Brooks Hull","Jovan's Lounge Ltd"
"Gerardo Blair","Rocket"
"Elsie Stein","Cheese Burger in Paradise"
"Sierra Bowman","Pei Wei Asian Diner"
"Kael Dennis","Star Tavern & Pizzeria"
"Nikolai Gonzalez","Pivots Beach Club"
"Daphne Green","Benihana"
"Tianna Schmidt","Café Rouge"
"Elisabeth Mullen","Basement"
"Ciara Yoder","Met Lounge"
"Jordon Bernard","The Cheesecake Factory"
"Kathy Pruitt","On the Border Mexican Grill & Cantina"
"Emily Pitts","Perkins Restaurant and Bakery"
"Cynthia Barry","Gold Hawk"
"Tristin Cox","Pub 13"
"Yandel Michael","Sinners Gentlemen's Club"
"Nicholas Daugherty","Firefly Club"
"Sylvia Randall","Lone Star Athletic Football Club"
"Alayna Moses","Vault Night Club"
"Adelyn Petersen","Uno Chicago Grill"
"Lilianna Preston","Boynton Restaurant & Spirits"
"Alden Sanford","Champions Sports Bar"
"Rylie Houston","Romano's Macaroni Grill"
"Leticia Gilbert","World Beer Direct"
"Tomas Drake","Dejavu Nightclub"
"Ruben Moreno","Arlene's"
"Tara Ballard","Apple Inn"
"Abigail Briggs","Tryst Lounge"
"Mina Shaw","The Cheesecake Factory"
"Marcos Wallace","Boynton Restaurant & Spirits"
"Maximo Ruiz","Iron Post"
"Hannah Olsen","Club 101"
"Xiomara Sharp","Xtc Cabaret"
"Norah Morris","Xtc Cabaret"
"Deja Carroll","The Old Spaghetti Factory"
"Keenan Cole","Red Robin"
"Sydney Joseph","Texas Roadhouse"
"Tara Ballard","Black Angus Steakhouse"
"Lillian Sloan","Carrabba's Italian Grill"
"Julien Berg","Houlihan's"
"Elliott Patrick","C C Slaughters Restaurant"
"Kaeden Vazquez","Star Tavern & Pizzeria"
"Danny Dougherty","Cork Town Tavern"
"Timothy Orozco","Kesler Sports Bar & Grill"
"Ezekiel Leonard","Joe's Crab Shack"
"Mila Perry","Applebee's"
"Olivia Franklin","Sheffield Wine & Spirits Center"
"Shamar Johnston","World Beer Direct"
"Eric Dodson","Gold Hawk"
"Leonard Castro","Xtc Cabaret"
"Bryan Scott","Cheese Burger in Paradise"
"Killian Logan","Club 101"
"Greyson Humphrey","Toc Bar"
"Amir Mclean","Tradesman Tavern Inc"
"Gerardo Blair","Houlihan's"
"Maximo Ruiz","Stingers Sports Pub & Grill"
"Braiden Beard","Paradise City"
"Ahmed Castillo","Bennigan's"
"Levi Walsh","The Old Spaghetti Factory"
"Jerimiah Weeks","Scores"
"Roman Mcneil","Border Lounge"
"Keyon Powers","Kainoa's Sports Bar & Restrnt"
"Hailey Short","The Cheesecake Factory"
"Rey Golden","The Old Spaghetti Factory"
"Johnathan Parker","Boston Market"
"Melina Glenn","Tryst Lounge"
"Wayne Roberson","Kells Restaurant"
"Jakob Cabrera","Atkins Park Tavern"
"Laylah Lam","Chiquito"
"Yadira Huber","Charles A. Meyer"
"Cooper York","War Room"
"Avery Morrow","Comedy Cellar"
"Justine Bauer","Grey Lounge"
"Kael Dennis","Chipotle Mexican Grill"
"Cherish Braun","J R's Last Laugh Comedy Club"
"Alonso Park","Houlihan's"
"Lukas Stanton","Comedy Cellar"
"Ethan Harding","Kesler Sports Bar & Grill"
"Billy Mckenzie","Caledonia Lounge"
"Armani Bridges","Dejavu Nightclub"
"Charlie Odonnell","Dillinger's Inc"
"Jon Andrade","County Line Pub"
"Aspen Kline","Wellhead Restaurant-Brew Pub"
"Giovanna Alexander","California Pizza Kitchen"
"Kyan Forbes","C C Slaughters Restaurant"
"Jayda Dyer","Pei Wei Asian Diner"
"Haiden Livingston","Dejavu Nightclub"
"Adelyn Petersen","Wibs"
"Kathleen Malone","LongHorn Steakhouse"
"Carly Frazier","Jovan's Lounge Ltd"
"Kyla Baird","Stonebridge Village Poa"
"Marc Delacruz","Hoss's Steak and Sea House"
"Brenda Mcdowell","Met Lounge"
"Adyson Blackburn","Double Down Saloon"
"Stanley Clay","Perkins Restaurant and Bakery"
"Gauge Melendez","Rocket"
"Lillian Sloan","Boynton Restaurant & Spirits"
"Broderick Durham","Houlihan's"
"Halle Valdez","Señor Frog's"
"Annie Woods","Wibs"
"Juliana Johns","Hoss's Steak and Sea House"
"Bruno Lloyd","Lone Star Athletic Football Club"
"Charlotte Garrett","Moms Toy Box"
"Carmen Shepard","Twin Peeks"
"Kaya Boyd","Swamp Sports Bar & Restaurant"
"Kasey Ingram","Quaker Steak & Lube"
"Casey Patterson","County Line Pub"
"Karla Hayden","Bob Evans Restaurants"
"Lizbeth Terry","Schileens Pub"
"Josiah Erickson","Club 101"
"Caitlin Chambers","40 Watt Club"
"Kyla Baird","Chipotle Mexican Grill"
"Aron Richards","Quaker Steak & Lube"
"Kameron Espinoza","Star Tavern & Pizzeria"
"Jose Newman","New West"
"Janessa Boyer","County Line Pub"
"Deacon Allison","P. F. Chang's China Bistro"
"Reese Griffin","Hurricane Alley"
"Ariella Chavez","Kells Restaurant"
"Riya Dean","Wellhead Restaurant-Brew Pub"
"Ciara Yoder","J D Bar Corp"
"Ainsley Mckee","Gay Nineties Theatre Cafe"
"Emery Ross","Chipotle Mexican Grill"
"Leia Key","Worldwide Wine Services"
"Mark Winters","J D Bar Corp"
"Emily Pitts","T.G.I. Friday's"
"Cristopher Norris","Big Shots Sports Bar & Grill"
"Krista Bonilla","Jonathan's Restaurant"
"Levi Walsh","C C Slaughters Restaurant"
"Cassidy Barber","Basement"
"Malik Johnson","Lone Star Steakhouse & Saloon"
"Santino Cain","Wibs"
"Wesley Buchanan","Arlene's"
"Nayeli Cooper","Schileens Pub"
"Madelyn Watson","Lone Star Steakhouse & Saloon"
"Jazlene Cisneros","Hilltop Tavern"
"Leon Mcfarland","Benihana"
"Andreas Le","Famous Dave's"
"Piper Riddle","Iron Post"
"Nathaniel Rivas","Scooters"
"Ashanti Blanchard","Linda's"
"Savanna Bradshaw","Cheese Burger in Paradise"
"Tess Cherry","Tryst Lounge"
"Ashlyn Hamilton","J D Bar Corp"
"Natalya Greene","Met Lounge"
"Pamela Hobbs","Olive Garden"
"Joaquin Conley","Jekyll & Hydes"
"Cadence Hart","Cracker Barrel Old Country Store"
"Paul Flynn","Romano's Macaroni Grill"
"Deshawn Moody","New York Dolls"
"Jamya Chang","Waffle House"
"Ari Coffey","Dolphin Inn"
"Aron Richards","Border Lounge"
"Mitchell Peters","Charlie Brown's Steakhouse"
"Keely Mccormick","Benihana"
"Ellen Ellis","Maria C. Estabil"
"Fiona Norman","Crystal Corner Bar"
"Prince Jones","Twin Peeks"
"Kyleigh Sheppard","Johnny Mac's Scoreboard"
"Deangelo Neal","Park Tavern Lounge & Lanes"
"Gauge Melendez","Tryst Lounge"
"Adalyn Mahoney","Swamp Sports Bar & Restaurant"
"Alayna Moses","Pivots Beach Club"
"Alden Sanford","War Room"
"Cassandra Elliott","Pizza Shoppe"
"Ivy Weaver","Lanigan's Irish Pub & Eatery"
"Dante Wolfe","Bennigan's"
"Seamus Spence","Caledonia Lounge"
"Deegan Khan","Tony Roma's"
"Paityn Jenkins","Milo's Sports Tavern"
"Brian Leon","Milo's Sports Tavern"
"Evelin Bush","Waffle House"
"Annabelle Frey","On the Border Mexican Grill & Cantina"
"Alayna Moses","Club 101"
"Kelly Stephenson","Saturn"
"Braedon Mcclain","New York Dolls"
"Jaylon Nguyen","Carrabba's Italian Grill"
"Jayden Curry","Qdoba Mexican Grill"
"Axel Bell","Dick's Last Resort"
"Dixie Ray","Town & Country"
"Emery Sexton","Opus Mainstreet"
"Phillip Knight","Black Angus Steakhouse"
"Kade Hall","Scooters"
"Abagail Cuevas","Boynton Restaurant & Spirits"
"Ashton Olson","Xtc Cabaret"
"Melanie Bradford","Boston Market"
"Hailie Griffith","Star Tavern & Pizzeria"
"Tara Ballard","N V Penthouse Lounge"
"Krish Bailey","Jake's Old City Grill"
"Tomas Drake","Tweed's Pub Restaurant"
"Blaine Trevino","Ruby Tuesday"
"Lilah Dudley","Moms Toy Box"
"Lauren Rogers","Crystal Corner Bar"
"Karley Pennington","Smokey Bones"
"Mathias Clark","Friendly's"
"Santos Wu","Lanigan's Irish Pub & Eatery"
"Leandro Mcconnell","Señor Frog's"
"Charlotte Garrett","Improper Bostonian"
"Keaton Greer","Downtown Lounge"
"Marcos Wallace","Quaker Steak & Lube"
"Andre Sweeney","Rainforest Cafe"
"Travis Harmon","Park Tavern Lounge & Lanes"
"Patience Brock","Station"
"Oliver Cantu","Dejavu Nightclub"
"Kaelyn Wells","Star Tavern & Pizzeria"
"Tania Vincent","Town & Country"
"Adrianna Berry","Carrabba's Italian Grill"
"Alfonso Foley","Arena"
"Violet Robertson","Wellhead Restaurant-Brew Pub"
"Katie Bean","Gold Hawk"
"Juliet Kemp","Big Shots Sports Bar & Grill"
"Jayce Sosa","Ad Card Promotions"
"Mina Shaw","Tryst Lounge"
"Daniela Collier","Big Shots Sports Bar & Grill"
"Andreas Le","The Cheesecake Factory"
"Rihanna Levine","Atkins Park Tavern"
"Jaylyn Schwartz","Apple Inn"
"Charlotte Garrett","Club 101"
"Emery Sexton","Border Lounge"
"Nola Potter","Black Angus Steakhouse"
"Miya Mccall","County Line Pub"
"Brianna Jennings","Milo's Sports Tavern"
"Jase Zhang","Iron Post"
"Lauren Rogers","Tryst Lounge"
"Zayden Salazar","LongHorn Steakhouse"
"Kole Lynn","Daddy's"
"Caylee Patel","Rainforest Cafe"
"Kate Kennedy","Bluepoint Sage Cafe"
"Porter Wilkins","Milo's Sports Tavern"
"Ahmed Castillo","Sizzler"
"Dalton Massey","Smokey Bones"
"Dillon Warren","Dolphin Inn"
"Jose Newman","Maria C. Estabil"
"Kaylynn Small","Hurricane Alley"
"Kyan Forbes","Caledonia Lounge"
"Dustin Ryan","Rocket"
"Lorenzo Nichols","Moms Toy Box"
"Adriel Harris","Club 101"
"Giana Case","Hickory Tavern"
"Yamilet Murphy","J R's Last Laugh Comedy Club"
"Laila Steele","J R's Last Laugh Comedy Club"
"Mitchell Peters","Basement"
"Damari Roberts","Bennigan's"
"Esmeralda Wood","Dick's Last Resort"
"Lesly Austin","Tweed's Pub Restaurant"
"Bruce Deleon","Mulligan's Pub"
"Piper Riddle","Red Robin"
"Mariela Hartman","Atkins Park Tavern"
"Wesley Buchanan","New West"
"Tia Townsend","Romano's Macaroni Grill"
"Nikolas Frank","Chipotle Mexican Grill"
"Reese Griffin","J R's Bar & Grill Inc"
"Marie Pierce","Met Lounge"
"Phoenix Downs","C C Slaughters Restaurant"
"Emilia Mcpherson","Wibs"
"Tori Curtis","Black-eyed Pea"
"Yandel Michael","Arena"
"Carly Frazier","Hooters"
"Mollie Sanders","Jovan's Lounge Ltd"
"Megan Watts","World Beer Direct"
"Billy Mckenzie","Lone Star Steakhouse & Saloon"
"Giovanni Bird","Pizza Shoppe"
"Gauge Melendez","Firefly Club"
"Urijah Reid","Waffle House"
"Brady Haney","Met Lounge"
"Catherine Faulkner","Off Broadway"
"Lindsey Gallagher","Crystal Corner Bar"
"Mikaela Tanner","Johnny Mac's Scoreboard"
"Aliyah Pace","Sizzler"
"Mira Rowe","40 Watt Club"
"Frankie Wilson","Houlihan's"
"Karly Gibson","Sutliff Bar & Grill"
"Damian Hayes","J D Bar Corp"
"Frederick Proctor","Perkins Restaurant and Bakery"
"Rihanna Levine","Uno Chicago Grill"
"Damari Roberts","Gold Hawk"
"Andreas Le","Crystal Corner Bar"
"Paula Fleming","Kesler Sports Bar & Grill"
"Josiah Erickson","Vault Night Club"
"Brennen Mcintosh","Firefly Club"
"Rodrigo Reilly","Jake's Grill"
"Luis Hunt","Apple Inn"
"Khalil Boyle","Basement"
"Katrina Ritter","Town & Country"
"Ronin Ewing","Firefly Club"
"Jessie David","Arlene's"
"Brooks Hull","Pei Wei Asian Diner"
"Emilia Mcpherson","Caledonia Lounge"
"Zaria Hickman","Boynton Restaurant & Spirits"
"Aron Richards","Cheese Burger in Paradise"
"Essence Ferrell","Wibs"
"Esmeralda Wood","Smitty's Sports Pub"
"Maximilian Lopez","J R's Last Laugh Comedy Club"
"Jarrett Burch","Pizza Shoppe"
"Maximilian Lopez","Tryst Lounge"
"Deshawn Moody","Milo's Sports Tavern"
"Giovanna Alexander","New York Dolls"
"Kaylee Wade","County Line Pub"
"Jonathon Eaton","Kainoa's Sports Bar & Restrnt"
"Camryn Trujillo","The Cheesecake Factory"
"Kane Todd","New Orleans Original Daiquiris"
"Deangelo Neal","Maria C. Estabil"
"Tommy Schroeder","Downtown Lounge"
"Isai Larsen","Atomic Cantina"
"Reuben Bowers","Double Down Saloon"
"Sammy Buck","Tony Roma's"
"Jonathan Marshall","Bertucci's"
"Marlene Rosales","Arlene's"
"Philip Oneal","Hoss's Steak and Sea House"
"Lilyana Freeman","World Beer Direct"
"Andrea Ho","Downtown Lounge"
"Rory Blake","Caledonia Lounge"
"Lindsey Gallagher","J D Bar Corp"
"Maxwell Choi","Hotshots Sports Bar & Grill"
"Adyson Blackburn","Steak 'n Shake"
"Kaylee Wade","Planet Hollywood"
"Damari Roberts","Sizzler"
"Travis Harmon","New West"
"Riley Kelley","Swamp Sports Bar & Restaurant"
"Paityn Jenkins","New York Dolls"
"Skylar Moon","World Beer Direct"
"Maia Petty","Kesler Sports Bar & Grill"
"Billy Mckenzie","Uno Chicago Grill"
"Karissa Koch","Kainoa's Sports Bar & Restrnt"
"Ronin Ewing","Houlihan's"
"Kaylie Hansen","Off Broadway"
"Richard Werner","Black Angus Steakhouse"
"Dixie Ray","Dejavu Nightclub"
"Neil Ellison","Old Country Buffet"
"Andreas Le","Big Shots Sports Bar & Grill"
"Ezequiel Valenzuela","Dixie Taverne"
"Destinee Mann","Jack's Place"
"Houston Ayala","Scooters"
"Madyson Owen","Black-eyed Pea"
"Mitchell Peters","Applebee's"
"Alexia Liu","Union Street Station"
"Taylor Cook","Rocket"
"Lizbeth Terry","Monopole Restaurant"
"Seamus Spence","Sizzler"
"Skye Cooke","Jake's Grill"
"Jovani Yates","Famous Dave's"
"Lesly Austin","Kroc's"
"Raphael Christian","Met Lounge"
"Madilyn Parsons","Joe's Crab Shack"
"Brandon Prince","Big Shots Sports Bar & Grill"
"Marquis Wang","Boston Market"
"Cornelius Maddox","J R's Last Laugh Comedy Club"
"Adalyn Mahoney","Boynton Restaurant & Spirits"
"Kael Dennis","Iron Post"
"Dustin Ryan","The Cheesecake Factory"
"Kingston Guerra","Planet Hollywood"
"Lucy Rush","Pivots Beach Club"
"Jace Martin","Bottling CO"
"Jazlyn Simpson","Ivar's Sports Bar & Grill"
"Ethan Harding","Ruby Tuesday"
"Sergio Powell","Double Down Saloon"
"Brisa Escobar","Romano's Macaroni Grill"
"Rachel Guerrero","Vault Night Club"
"Finley Suarez","Kells Restaurant"
"Patrick Wong","Wellhead Restaurant-Brew Pub"
"Trinity Heath","Union Street Station"
"Isiah Sawyer","Lone Star Athletic Football Club"
"Tabitha Krueger","Buffalo Wild Wings"
"Keenan Cole","Iron Post"
"Lorenzo Nichols","Ad Card Promotions"
"Jude Christensen","Black-eyed Pea"
"Keely Mccormick","N V Penthouse Lounge"
"Amara Sanchez","Charlie Brown's Steakhouse"
"Aniyah Richard","Mulligan's Pub"
"Elaine Dominguez","Spot On The Alley"
"Zaire King","Sheffield Wine & Spirits Center"
"Dale Quinn","Pizza Shoppe"
"Levi Walsh","Sizzler"
"Bria Banks","Hooters"
"Teagan Hutchinson","Mulligan's Pub"
"Jamya Chang","Dejavu Nightclub"
"Kelton Stone","Gold Hawk"
"Nola Potter","Jonathan's Restaurant"
"Giada Roy","New West"
"Alejandro Pearson","Red Robin"
"Destiny Beasley","Jungle Restaurant-Fat Cat's"
"Porter Wilkins","Tryst Lounge"
"Aiyana Ramirez","Dejavu Nightclub"
"Aliyah Pace","The Old Spaghetti Factory"
"Emilie Kirby","Saturn"
"Madeleine Farrell","Round-Up Saloon"
"Nathaniel Rivas","Border Lounge"
"Mekhi Molina","Chiquito"
"Bryan Scott","Twin Peeks"
"Deja Carroll","Smitty's Sports Pub"
"Zoey Lyons","Lone Star Athletic Football Club"
"Aileen Hodges","Black Angus Steakhouse"
"Emery Sexton","Quaker Steak & Lube"
"Trystan Weber","BJ's Restaurant & Brewery"
"Karley Pennington","Sheffield Wine & Spirits Center"
"Konnor Stuart","Quaker Steak & Lube"
"Devyn Dawson","Kesler Sports Bar & Grill"
"Mark Winters","Crystal Corner Bar"
"Kayleigh Rowland","Apple Inn"
"Dominick Friedman","Kesler Sports Bar & Grill"
"Braydon Compton","Hoss's Steak and Sea House"
"Denise Hunter","Tradesman Tavern Inc"
"Alexa Garcia","Bennigan's"
"Gauge Melendez","Big Shots Sports Bar & Grill"
"Darien Nash","Tryst Lounge"
"Porter Wilkins","Big Shots Sports Bar & Grill"
"Marc Delacruz","Red Lobster"
"Brianna Jennings","Firefly Club"
"Elliot Davies","Dave & Buster's"
"Damian Hayes","Perkins Restaurant and Bakery"
"Johnathon Russo","Kroc's"
"Mariela Hartman","Smitty's Sports Pub"
"Sammy Buck","Ivar's Sports Bar & Grill"
"Eric Dodson","C C Slaughters Restaurant"
"Nathaniel Rivas","Swamp Sports Bar & Restaurant"
"Baron Hebert","Perkins Restaurant and Bakery"
"Joel Snow","Jake's Old City Grill"
"Leticia Gilbert","The Old Spaghetti Factory"
"Mateo Hill","Firefly Club"
"Bria Banks","Señor Frog's"
"Darryl Rosario","LongHorn Steakhouse"
"Jamarcus Bradley","New York Dolls"
"Elisa Morton","Sheffield Wine & Spirits Center"
"Lilyana Freeman","Sizzler"
"Madelyn Watson","Wibs"
"Case Rios","New Orleans Original Daiquiris"
"Joaquin Conley","Romano's Macaroni Grill"
"Isabela Hester","Houlihan's"
"Ashlyn Hamilton","Famous Dave's"
"Norah Morris","Black-eyed Pea"
"Brenton Poole","Comedy Cellar"
"Peter Gilmore","New West"
"Marcel Garrison","Opus Mainstreet"
"Yamilet Murphy","Firefly Club"
"Emilee Knox","The Cheesecake Factory"
"Rodney Fletcher","Big Boy"
"Kaya Boyd","Scooters"
"Emilee Knox","Big Shots Sports Bar & Grill"
"Marley Alvarez","Pizza Shoppe"
"Maya Wolf","Club 101"
"Krista Bonilla","Pizza Shoppe"
"Hannah Olsen","Improper Bostonian"
"Damari Roberts","Cork Town Tavern"
"Juliet Kemp","Met Lounge"
"Yasmine Villa","Round-Up Saloon"
"Adriana Moore","Black Angus Steakhouse"
"Ahmed Castillo","World Beer Direct"
"Skyler Salas","Hurricane Alley"
"Aryanna Fitzpatrick","Ruby Tuesday"
"Patience Brock","Spot On The Alley"
"Davian Benton","The Old Spaghetti Factory"
"Jakayla Harrington","Hoss's Steak and Sea House"
"Marshall Leach","Perkins Restaurant and Bakery"
"Keaton Greer","Dixie Taverne"
"Royce Goodman","YUMIS SUSHI BAR"
"Alexia Liu","Smokey Bones"
"Violet Robertson","Kroc's"
"Shayla Rubio","Daddy-O's"
"Dayanara Mills","Smitty's Sports Pub"
"Micaela Crane","Twin Peeks"
"Janet Schneider","Grey Lounge"
"Dustin Ryan","California Pizza Kitchen"
"Deacon Allison","Kells Restaurant"
"Cedric Horton","Firefly Club"
"Tristin Cox","Joe's Crab Shack"
"Alexa Garcia","Sizzler"
"Catherine Faulkner","Moms Toy Box"
"Zain Phillips","Dillinger's Inc"
"Chance Mercado","Gold Hawk"
"Salvador Mora","Toc Bar"
"Braydon Compton","P. F. Chang's China Bistro"
"Vicente Cochran","The Cheesecake Factory"
"Frankie Wilson","Rocket"
"Sophia Lozano","On the Border Mexican Grill & Cantina"
"Jax Douglas","Tradesman Tavern Inc"
"India Lewis","Johnny Mac's Scoreboard"
"Kaleigh Hanna","Ruby Tuesday"
"Megan Watts","Sizzler"
"Ariella Chavez","Daddy's"
"Braden Hughes","Basement"
"Coby Anderson","Arena"
"Aleah Huang","Jovan's Lounge Ltd"
"Valery Estes","Rumors Lounge & Restaurant"
"Jewel Walker","Jack's Place"
"Dwayne Hawkins","Islands Fine Burgers & Drinks"
"Heidi Glass","Black-eyed Pea"
"Kolby Mays","40 Watt Club"
"Susan Mayo","YUMIS SUSHI BAR"
"Daniela Collier","New York Dolls"
"Nathen Lester","World Beer Direct"
"Samir Rocha","Twin Peeks"
"Charlee Ware","Dolphin Inn"
"Kaitlyn French","Town & Country"
"Danica Cline","Star Tavern & Pizzeria"
"Naomi Gomez","On the Border Mexican Grill & Cantina"
"Victor Rhodes","Red Robin"
"Savion Navarro","E Robert Brame"
"Karla Hayden","Pei Wei Asian Diner"
"Kenna Garza","Kesler Sports Bar & Grill"
"Yaretzi Camacho","Caledonia Lounge"
"Caroline Casey","Arena"
"Moses Maxwell","D & J Web Solutions"
"Lorelai Holden","Charles A. Meyer"
"Ireland Maynard","Kesler Sports Bar & Grill"
"Deegan Khan","Pub 13"
"Cesar Keller","Olive Garden"
"Yesenia Sandoval","Wibs"
"Gustavo Whitehead","Smitty's Sports Pub"
"Azul Fox","Uno Chicago Grill"
"Ian Daniels","Tradesman Tavern Inc"
"Marisol Duncan","Gold Hawk"
"Reagan Dillon","J R's Bar & Grill Inc"
"Malik Johnson","Smitty's Sports Pub"
"Mireya Arroyo","Town & Country"
"Melissa Davenport","Pivots Beach Club"
"Destiny Beasley","YUMIS SUSHI BAR"
"Kara Carrillo","Sportsman"
"Matteo Walls","Applebee's"
"Ariella Chavez","Champions Sports Bar"
"Kaylin Evans","Famous Dave's"
"Tara Ballard","Jonathan's Restaurant"
"Axel Bell","Atkins Park Tavern"
"Charlee Ware","40 Watt Club"
"Aiyana Ramirez","Town & Country"
"Bailee Santana","Baja Fresh"
"Addison Clayton","Jake's Old City Grill"
"Madeleine Farrell","Mulligan's Pub"
"Karissa Koch","J D Bar Corp"
"Nevaeh Chandler","Bottling CO"
"Carly Frazier","J R's Bar & Grill Inc"
"Jorge Stevenson","Applebee's"
"Stephany Fernandez","Dave & Buster's"
"Delilah Stephens","Linda's"
"Kaitlynn Farley","Round-Up Saloon"
"Julianna Frederick","Planet Hollywood"
"Kaley Medina","Stingers Sports Pub & Grill"
"Braedon Mcclain","Rocket"
"Juliet Kemp","Crystal Corner Bar"
"Alisa Cohen","Wolfs Tavern"
"Cloe Melton","Round-Up Saloon"
"Julianna Frederick","Jungle Restaurant-Fat Cat's"
"Dante Wolfe","World Beer Direct"
"Thaddeus Ortiz","Wolfs Tavern"
"Drake Buckley","Wolfs Tavern"
"Yesenia Sandoval","The Old Spaghetti Factory"
"Danny Dougherty","Bottling CO"
"Chance Mercado","Uno Chicago Grill"
"Brianna Jennings","Rocket"
"Alexus Moran","Hotshots Sports Bar & Grill"
"Mark Winters","New York Dolls"
"Savanna Bradshaw","Swamp Sports Bar & Restaurant"
"Zariah Shields","Jovan's Lounge Ltd"
"Gaven Love","Toc Bar"
"Maxwell Choi","Star Tavern & Pizzeria"
"Amiya Vaughn","Cracker Barrel Old Country Store"
"Talon Mckay","Famous Dave's"
"Ellen Ellis","New West"
"Phillip Knight","Jonathan's Restaurant"
"Kaeden Vazquez","Spot On The Alley"
"Skyla Mcintyre","Pei Wei Asian Diner"
"Brynn Carpenter","Sinners Gentlemen's Club"
"Tania Vincent","Dejavu Nightclub"
"Nadia Reyes","Spot On The Alley"
"Diamond Lucas","Sizzler"
"Graham Williams","Toc Bar"
"Rogelio Bryant","YUMIS SUSHI BAR"
"Lucille Swanson","Applebee's"
"Kylee Oliver","Wellhead Restaurant-Brew Pub"
"Damarion Kelly","T.G.I. Friday's"
"Azul Fox","Sizzler"
"Molly Ponce","The Cheesecake Factory"
"Ellen Ellis","Smokey Bones"
"Allisson Rodgers","Charles A. Meyer"
"Dennis Simon","New York Dolls"
"Darien Nash","Met Lounge"
"Karma Pollard","World Beer Direct"
"Alexia Liu","Arlene's"
"Khloe Mccullough","Swamp Sports Bar & Restaurant"
"Brenda Mcdowell","New York Dolls"
"Dulce Shaffer","Hotshots Sports Bar & Grill"
"Lillian Sloan","Tradesman Tavern Inc"
"Ryann Cruz","P. F. Chang's China Bistro"
"Jakobe Ochoa","Rocket"
"Johnathon Russo","Wellhead Restaurant-Brew Pub"
"Sarah Craig","Wolfs Tavern"
"Braxton Torres","Chipotle Mexican Grill"
"Abdiel Valencia","Qdoba Mexican Grill"
"Juliet Kemp","Firefly Club"
"Yosef Cowan","Dixie Taverne"
"Bailey Hanson","Daddy's"
"Jovanny Spencer","Dick's Last Resort"
"Eduardo Glover","Charles A. Meyer"
"Trevon Howe","J R's Last Laugh Comedy Club"
"Jovanny Spencer","World Beer Direct"
"Kenzie Barr","Maria C. Estabil"
"Mckinley Andersen","Downtown Lounge"
"Kasey Ingram","Tradesman Tavern Inc"
"German Nelson","Perkins Restaurant and Bakery"
"Emiliano Duffy","Station"
"Kade Hall","Opus Mainstreet"
"Adriel Harris","Vault Night Club"
"Delaney Pratt","Johnny Mac's Scoreboard"
"Bailey Hanson","Champions Sports Bar"
"Abigail Briggs","Big Shots Sports Bar & Grill"
"Cedric Horton","Met Lounge"
"Kasey Ingram","Scooters"
"Jorge Stevenson","Basement"
"Konnor Stuart","Kroc's"
"Ishaan Mccoy","Planet Hollywood"
"Natalya Greene","J D Bar Corp"
"Rohan Cooley","Dolphin Inn"
"Zackery Velazquez","LongHorn Steakhouse"
"Leia Key","Hotshots Sports Bar & Grill"
"Cooper York","Kells Restaurant"
"Barrett Tapia","Denny's"
"Lilyana Freeman","Wibs"
"Dustin Ryan","New York Dolls"
"Keyon Powers","New York Dolls"
"Judah Holder","Gold Hawk"
"Kolton Hess","Old Capitol Brew Works"
"Nadia Reyes","Chipotle Mexican Grill"
"Zaria Hickman","Opus Mainstreet"
"Soren Fritz","Town & Country"
"Brynn Carpenter","Charlie Brown's Steakhouse"
"Gunnar Zavala","Romano's Macaroni Grill"
"Celia Adams","War Room"
"Skylar Moon","Wibs"
"Rowan Shea","C C Slaughters Restaurant"
"Tiara Contreras","Hilltop Tavern"
"Emilia Mcpherson","Uno Chicago Grill"
"Brodie Nunez","Vault Night Club"
"Darien Nash","California Pizza Kitchen"
"Marcelo Brewer","Star Tavern & Pizzeria"
"Lindsay Wagner","Basement"
"Beatrice Flowers","Jovan's Lounge Ltd"
"Lilly Woodard","Daddy's"
"Ricky Russell","J D Bar Corp"
"Riley Kelley","Cheese Burger in Paradise"
"Alisa Cohen","Pivots Beach Club"
"Jewel Walker","Chili's"
"Lana Tran","Heart Attack Grill"
"Katrina Ritter","Waffle House"
"Diamond Lucas","Bottling CO"
"Cassie Gregory","Qdoba Mexican Grill"
"Denisse Horne","Tweed's Pub Restaurant"
"Elisa Morton","New West"
"Elisha Costa","Chris Cocallas"
"Annalise Hammond","Round-Up Saloon"
"Chana Copeland","Stingers Sports Pub & Grill"
"Alfred Brandt","Grey Lounge"
"Yazmin Joyce","N V Penthouse Lounge"
"Talia Jacobs","Kainoa's Sports Bar & Restrnt"
"Isabela Hester","Rocket"
"Donna Spears","Caledonia Lounge"
"Braedon Mcclain","T.G.I. Friday's"
"Aron Richards","Kroc's"
"Killian Logan","Dillinger's Inc"
"Lilyana Freeman","C C Slaughters Restaurant"
"Seamus Spence","The Old Spaghetti Factory"
"Avery Cobb","Twin Peeks"
"Kaelyn Wells","Hotshots Sports Bar & Grill"
"Lizeth Wise","Uno Chicago Grill"
"Abel Rojas","Chili's"
"Kennedi Mcgrath","Perkins Restaurant and Bakery"
"Lorelai Holden","Park Tavern Lounge & Lanes"
"Heidi Glass","Jonathan's Restaurant"
"Malik Johnson","World Beer Direct"
"Braiden Beard","Daddy's"
"Daniella Webb","Cracker Barrel Old Country Store"
"Parker Myers","Ivar's Sports Bar & Grill"
"Jameson Best","Jovan's Lounge Ltd"
"Trevon Howe","Houlihan's"
"Hayden Barrera","Hooters"
"Marquis Wang","Jonathan's Restaurant"
"Mckayla Andrews","Bennigan's"
"Summer Wilkinson","Black Angus Steakhouse"
"Amari Foster","Double Down Saloon"
"Gloria Brooks","Fire Bar & Grill"
"Lesly Austin","Scooters"
"Ivy Weaver","Baja Fresh"
"Tiana Zamora","Chili's"
"Rhianna Schaefer","Señor Frog's"
"Adeline Hatfield","LongHorn Steakhouse"
"Malachi Blevins","Chili's"
"Braden Hughes","On the Border Mexican Grill & Cantina"
"Leon Mcfarland","Xtc Cabaret"
"Blake Holland","Arena"
"Raphael Christian","Firefly Club"
"Gaven Love","Dillinger's Inc"
"Elsie Stein","Twin Peeks"
"Krish Bailey","Sheffield Wine & Spirits Center"
"Olive Maldonado","Cheese Burger in Paradise"
"Baron Hebert","J D Bar Corp"
"Sydnee Ashley","Crystal Corner Bar"
"Maritza Santos","Basement"
"Jamie Barnes","Improper Bostonian"
"Elliott Patrick","Dick's Last Resort"
"Brent Lowe","Bennigan's"
"Greyson Humphrey","Vault Night Club"
"Patience Brock","Bubba Gump Shrimp Company"
"Addison Clayton","Smokey Bones"
"Nathaniel Rivas","Opus Mainstreet"
"Kaylin Evans","Firefly Club"
"Skye Cooke","Ivar's Sports Bar & Grill"
"Kaylin Evans","T.G.I. Friday's"
"Brandon Prince","Perkins Restaurant and Bakery"
"Aniya Rangel","Bottling CO"
"Karly Gibson","Champions Sports Bar"
"Yurem Bass","Uno Chicago Grill"
"Uriah Harrell","Dolphin Inn"
"Nehemiah Ayers","Jake's Grill"
"Rowan Shea","Lone Star Steakhouse & Saloon"
"Marcelo Brewer","Texas Roadhouse"
"Annie Woods","The Old Spaghetti Factory"
"Maya Wolf","Club Paragon"
"Braxton Torres","Texas Roadhouse"
"Brady Haney","Tryst Lounge"
"Ibrahim Zuniga","Mulligan's Pub"
"Giuliana Stokes","Phebe's"
"Broderick Durham","Met Lounge"
"Eleanor Berger","Houlihan's"
"Marie Pierce","Tryst Lounge"
"Trinity Heath","Sheffield Wine & Spirits Center"
"Adriel Harris","Off Broadway"
"Rory Blake","Atkins Park Tavern"
"Brooke Webster","E Robert Brame"
"Brian Leon","Houlihan's"
"Rohan Cooley","Comedy Cellar"
"Ezekiel Leonard","Gay Nineties Theatre Cafe"
"Yurem Bass","The Old Spaghetti Factory"
"Alexa Garcia","Uno Chicago Grill"
"Ezekiel Leonard","Jake's Grill"
"Monique Branch","Linda's"
"Jax Douglas","Twin Peeks"
"Faith Miller","Dillinger's Inc"
"Kira Mccann","Wellhead Restaurant-Brew Pub"
"Victor Rhodes","Bluepoint Sage Cafe"
"Trace Huff","Wibs"
"Michael Floyd","Lone Star Athletic Football Club"
"Makenna Grant","Eight Seconds"
"Keon West","Phebe's"
"Mckayla Andrews","Lone Star Steakhouse & Saloon"
"Alexa Garcia","The Old Spaghetti Factory"
"Joey Mcmahon","Xtc Cabaret"
"Alondra Delgado","Pivots Beach Club"
"Aubree Wright","Tony Roma's"
"Kayleigh Rowland","Jonathan's Restaurant"
"Broderick Durham","New York Dolls"
"Rayne Galloway","Houlihan's"
"Alexus Moran","Station"
"Dennis Simon","Firefly Club"
"Kenna Garza","Jekyll & Hydes"
"Nola Potter","Dave & Buster's"
"Payton Velasquez","Applebee's"
"Evelin Bush","Town & Country"
"Shaylee Kirk","World Beer Direct"
"Esther Acosta","War Room"
"Ivan Hood","Swamp Sports Bar & Restaurant"
"Cherish Braun","California Pizza Kitchen"
"Kade Hall","Waffle House"
"Kelton Stone","Uno Chicago Grill"
"Eleanor Berger","Famous Dave's"
"Alonso Park","J R's Last Laugh Comedy Club"
"Kiera Pineda","Kroc's"
"Deegan Khan","Ivar's Sports Bar & Grill"
"Kendra Gillespie","Bertucci's"
"Marshall Leach","Tryst Lounge"
"Marc Delacruz","Daddy's"
"Tommy Schroeder","Sinners Gentlemen's Club"
"Jayden Curry","Daddy-O's"
"Shyla Wheeler","Kainoa's Sports Bar & Restrnt"
"Hunter Hensley","Chris Cocallas"
"Jude Christensen","Jonathan's Restaurant"
"Micaela Crane","Swamp Sports Bar & Restaurant"
"Tristin Cox","Gay Nineties Theatre Cafe"
"Cristal Fry","War Room"
"Darryl Rosario","Ad Card Promotions"
"Danny Dougherty","Wibs"
"Patrick Wong","Boynton Restaurant & Spirits"
"Lilah Dudley","Club Paragon"
"Carlos Gentry","Dolphin Inn"
"Matthias Haley","Stonebridge Village Poa"
"Lindsay Wagner","Charlie Brown's Steakhouse"
"Cynthia Barry","World Beer Direct"
"Danica Cline","Red Robin"
"Marques Lane","Boynton Restaurant & Spirits"